title,alcohol,volume,sale,savings,price,inventory,link
Villa Antinori Toscana IGT,13.5%,750 mL ,,,$26.30,,http://www.lcbo.com/lcbo/product/villa-antinori-toscana-igt/53876
Beringer Knights Valley Cabernet Sauvignon,13.0%,750 mL ,,,$44.95,,http://www.lcbo.com/lcbo/product/beringer-knights-valley-cabernet-sauvignon/352583
Jackson-Triggs Cabernet Sauvignon,12.5%,1500 mL ,,,$18.95,,http://www.lcbo.com/lcbo/product/jackson-triggs-cabernet-sauvignon/331025
Marques De Riscal Rioja Reserva,14.0%,750 mL ,,,$25.50,,http://www.lcbo.com/lcbo/product/marques-de-riscal-rioja-reserva/32656
Pisse-Dru Beaujolais,12.0%,750 mL ,,,$13.95,,http://www.lcbo.com/lcbo/product/pisse-dru-beaujolais/2881
Flat Rock Pinot Noir,13.0%,750 mL ,,,$20.95,,http://www.lcbo.com/lcbo/product/flat-rock-pinot-noir/1545
Mommessin Cuvee St Pierre Rouge,12.0%,750 mL ,,,$8.45,,http://www.lcbo.com/lcbo/product/mommessin-cuvee-st-pierre-rouge/513
Cellier Des Dauphins Carte Noire CdRhone AOC,13.5%,750 mL ,,,$9.95,,http://www.lcbo.com/lcbo/product/cellier-des-dauphins-carte-noire-cdrhone-aoc/110197
Château des Charmes Cabernet Merlot VQA,12.6%,375 mL ,,,$6.95,,http://www.lcbo.com/lcbo/product/chateau-des-charmes-cabernet-merlot-vqa/38810
Peller Family Vineyards Cabernet Merlot,12.5%,1000 mL ,,,$11.95,,http://www.lcbo.com/lcbo/product/peller-family-vineyards-cabernet-merlot/16345
Concha Y Toro Frontera Cabernet Sauvignon,12.0%,750 mL ,,,$8.95,,http://www.lcbo.com/lcbo/product/concha-y-toro-frontera-cabernet-sauvignon/116426
JJ McWilliam Shiraz Cabernet,13.5%,750 mL ,,,$10.35,,http://www.lcbo.com/lcbo/product/jj-mcwilliam-shiraz-cabernet/16741
Pelee Island Merlot,12.2%,1500 mL ,,,$18.95,,http://www.lcbo.com/lcbo/product/pelee-island-merlot/594168
Santa Rita 120 Reserva Especial Cabernet Sauvignon,13.0%,750 mL ,On sale!,$2.00,$9.75,,http://www.lcbo.com/lcbo/product/santa-rita-120-reserva-especial-cabernet-sauvignon/218644
Monte Antico,13.0%,750 mL ,,,$15.95,,http://www.lcbo.com/lcbo/product/monte-antico/69377
Jackson-Triggs Merlot,12.0%,750 mL ,,,$11.45,,http://www.lcbo.com/lcbo/product/jackson-triggs-merlot/383711
Caliterra Cabernet Sauvignon,13.5%,750 mL ,,,$10.95,,http://www.lcbo.com/lcbo/product/caliterra-cabernet-sauvignon/257329
Georges Duboeuf Beaujolais AOC,12.0%,750 mL ,,,$13.45,,http://www.lcbo.com/lcbo/product/georges-duboeuf-beaujolais-aoc/212480
Santa Carolina Reserva Merlot,13.0%,750 mL ,On sale!,$2.00,$11.95,,http://www.lcbo.com/lcbo/product/santa-carolina-reserva-merlot/324590
Sterling Napa Valley Cabernet Sauvignon,12.5%,750 mL ,,,$39.95,,http://www.lcbo.com/lcbo/product/sterling-napa-valley-cabernet-sauvignon/314575
Carlo Rossi California Red,12.0%,1500 mL ,,,$14.90,,http://www.lcbo.com/lcbo/product/carlo-rossi-california-red/70813
Hardys Stamp Series Shiraz Cabernet Sauvignon,13.5%,750 mL ,On sale!,$1.50,$8.45,,http://www.lcbo.com/lcbo/product/hardys-stamp-series-shiraz-cabernet-sauvignon/338012
Sella & Mosca Cannonau di Sardegna Riserva,13.5%,750 mL ,,,$17.95,,http://www.lcbo.com/lcbo/product/sella-mosca-cannonau-di-sardegna-riserva/425488
Nederburg The Winemaster's Cabernet Sauvignon,14.0%,750 mL ,,,$13.95,,http://www.lcbo.com/lcbo/product/nederburg-the-winemaster-s-cabernet-sauvignon/111526
Frescobaldi Remole Toscana IGT,12.5%,750 mL ,,,$13.45,,http://www.lcbo.com/lcbo/product/frescobaldi-remole-toscana-igt/105429
Ruffino Aziano Chianti Classico DOCG,13.5%,750 mL ,,,$18.95,,http://www.lcbo.com/lcbo/product/ruffino-aziano-chianti-classico-docg/307025
Jackson-Triggs Reserve Meritage VQA,12.4%,750 mL ,,,$14.25,,http://www.lcbo.com/lcbo/product/jackson-triggs-reserve-meritage-vqa/526228
Sogrape Grao Vasco Dao,13.0%,1500 mL ,,,$16.95,,http://www.lcbo.com/lcbo/product/sogrape-grao-vasco-dao/238964
Santa Carolina Cabernet Sauvignon Merlot,13.0%,750 mL ,,,$8.95,,http://www.lcbo.com/lcbo/product/santa-carolina-cabernet-sauvignon-merlot/245282
Wente Southern Hills Cabernet Sauvignon,13.5%,750 mL ,,,$19.95,,http://www.lcbo.com/lcbo/product/wente-southern-hills-cabernet-sauvignon/301507
Montes Alpha Cabernet Sauvignon,14.0%,750 mL ,On sale!,$2.00,$17.95,,http://www.lcbo.com/lcbo/product/montes-alpha-cabernet-sauvignon/322586
Brights Maria Christina Red,11.5%,1500 mL ,,,$15.75,,http://www.lcbo.com/lcbo/product/brights-maria-christina-red/249904
Domaine D'Or Red,12.0%,4000 mL ,,,$33.95,,http://www.lcbo.com/lcbo/product/domaine-d-or-red/108688
Carlo Rossi California Red,12.0%,3000 mL ,,,$27.90,,http://www.lcbo.com/lcbo/product/carlo-rossi-california-red/280644
Two Oceans Cabernet Sauvignon Merlot,13.5%,1500 mL ,,,$18.95,,http://www.lcbo.com/lcbo/product/two-oceans-cabernet-sauvignon-merlot/413062
Montresor Amarone Della Valpolicella DOC,15.0%,750 mL ,,,$37.40,,http://www.lcbo.com/lcbo/product/montresor-amarone-della-valpolicella-doc/240416
Batasiolo Barolo DOCG,13.5%,750 mL ,,,$29.95,,http://www.lcbo.com/lcbo/product/batasiolo-barolo-docg/178541
Santa Rita Reserve Cabernet Sauvignon,13.5%,750 mL ,,,$14.75,,http://www.lcbo.com/lcbo/product/santa-rita-reserve-cabernet-sauvignon/253872
Spinelli Montepulciano D'Abruzzo DOC,13.0%,750 mL ,,,$8.75,,http://www.lcbo.com/lcbo/product/spinelli-montepulciano-d-abruzzo-doc/454629
Woodbridge By Robert Mondavi Cabernet Sauvignon,13.5%,1500 mL ,,,$25.95,,http://www.lcbo.com/lcbo/product/woodbridge-by-robert-mondavi-cabernet-sauvignon/258509
Negrar Amarone Classico DOCG,15.5%,750 mL ,,,$34.95,,http://www.lcbo.com/lcbo/product/negrar-amarone-classico-docg/44784
Wolf Blass Yellow Label Shiraz,13.5%,750 mL ,,,$16.95,,http://www.lcbo.com/lcbo/product/wolf-blass-yellow-label-shiraz/506691
Michael David 7 Deadly Zins Old Vine Zinfandel,14.5%,750 mL ,,,$26.95,,http://www.lcbo.com/lcbo/product/michael-david-7-deadly-zins-old-vine-zinfandel/59311
Cesari Mara Valpolicella Ripasso Superiore DOC,13.5%,750 mL ,,,$19.95,,http://www.lcbo.com/lcbo/product/cesari-mara-valpolicella-ripasso-superiore-doc/506519
Cesari Adesso Merlot,12.0%,750 mL ,,,$8.75,,http://www.lcbo.com/lcbo/product/cesari-adesso-merlot/572453
Pelee Island Nest Pinot Noir,12.5%,750 mL ,,,$11.95,,http://www.lcbo.com/lcbo/product/pelee-island-nest-pinot-noir/45617
Ruffino Chianti,12.5%,1500 mL ,,,$28.75,,http://www.lcbo.com/lcbo/product/ruffino-chianti/42606
B & G Cuvee Speciale Rouge,12.0%,1500 mL ,,,$15.95,,http://www.lcbo.com/lcbo/product/b-g-cuvee-speciale-rouge/86710
Bosco Montepulciano D'Abruzzo DOC,12.5%,750 mL ,,,$8.35,,http://www.lcbo.com/lcbo/product/bosco-montepulciano-d-abruzzo-doc/328294
Peller Family Vineyards Red,11.5%,1000 mL ,,,$11.45,,http://www.lcbo.com/lcbo/product/peller-family-vineyards-red/63305
Nederburg The Winemaster's Shiraz,14.5%,750 mL ,,,$13.95,,http://www.lcbo.com/lcbo/product/nederburg-the-winemaster-s-shiraz/527457
Georges Duboeuf Beaujolais,13.0%,1500 mL ,,,$24.90,,http://www.lcbo.com/lcbo/product/georges-duboeuf-beaujolais/526327
Citra Sangiovese Terre Di Chieti IGP,13.0%,750 mL ,,,$8.40,,http://www.lcbo.com/lcbo/product/citra-sangiovese-terre-di-chieti-igp/480756
Zenato Ripassa Valpolicella Superiore,13.5%,750 mL ,,,$26.95,,http://www.lcbo.com/lcbo/product/zenato-ripassa-valpolicella-superiore/479766
Cline Zinfandel,14.0%,750 mL ,,,$16.75,,http://www.lcbo.com/lcbo/product/cline-zinfandel/489278
Mommessin Export St Pierre Rouge,12.0%,1500 mL ,,,$15.10,,http://www.lcbo.com/lcbo/product/mommessin-export-st-pierre-rouge/31211
Pelee Island Baco Noir VQA,12.5%,750 mL ,,,$12.95,,http://www.lcbo.com/lcbo/product/pelee-island-baco-noir-vqa/485128
Julián Chivite Gran Feudo Reserva,12.5%,750 mL ,,,$17.95,,http://www.lcbo.com/lcbo/product/julian-chivite-gran-feudo-reserva/479014
Pelee Island Pinot Noir Reserve VQA,12.5%,750 mL ,,,$17.95,,http://www.lcbo.com/lcbo/product/pelee-island-pinot-noir-reserve-vqa/458521
Peller Family Vineyards Red,11.5%,4000 mL ,On sale!,$4.00,$32.95,,http://www.lcbo.com/lcbo/product/peller-family-vineyards-red/589069
Lindemans Bin 40 Merlot,13.5%,750 mL ,,,$11.95,,http://www.lcbo.com/lcbo/product/lindemans-bin-40-merlot/458679
Pelee Island Merlot,12.5%,750 mL ,,,$10.95,,http://www.lcbo.com/lcbo/product/pelee-island-merlot/470823
Bonterra Cabernet Sauvignon,12.09%,750 mL ,,,$21.95,,http://www.lcbo.com/lcbo/product/bonterra-cabernet-sauvignon/342428
Pasqua Sangiovese Puglia,12.0%,1500 mL ,,,$14.45,,http://www.lcbo.com/lcbo/product/pasqua-sangiovese-puglia/441428
Lindemans Cawarra Shiraz Cabernet,13.5%,750 mL ,,,$9.95,,http://www.lcbo.com/lcbo/product/lindemans-cawarra-shiraz-cabernet/251884
Rosemount Diamond Shiraz,13.5%,750 mL ,,,$15.95,,http://www.lcbo.com/lcbo/product/rosemount-diamond-shiraz/302349
Pelee Island Ruggles Run Gamay Zweigelt VQA,12.5%,750 mL ,,,$13.45,,http://www.lcbo.com/lcbo/product/pelee-island-ruggles-run-gamay-zweigelt-vqa/216028
Errazuriz Max Reserva Cabernet Sauvignon,13.5%,750 mL ,,,$19.95,,http://www.lcbo.com/lcbo/product/errazuriz-max-reserva-cabernet-sauvignon/335174
Catena Malbec,13.5%,750 mL ,,,$19.95,,http://www.lcbo.com/lcbo/product/catena-malbec/478727
Brights Maria Christina Red,11.5%,4000 mL ,,,$36.95,,http://www.lcbo.com/lcbo/product/brights-maria-christina-red/86512
Santa Cristina Rosso Toscana IGT,13.0%,750 mL ,,,$15.10,,http://www.lcbo.com/lcbo/product/santa-cristina-rosso-toscana-igt/76521
Tedeschi Amarone della Valpolicella,15.4%,750 mL ,,,$44.95,,http://www.lcbo.com/lcbo/product/tedeschi-amarone-della-valpolicella/433417
Masi Costasera Amarone Classico DOC,15.0%,750 mL ,,,$44.95,,http://www.lcbo.com/lcbo/product/masi-costasera-amarone-classico-doc/317057
Wolf Blass Red Label Shiraz Cabernet Sauvignon,13.5%,750 mL ,,,$14.95,,http://www.lcbo.com/lcbo/product/wolf-blass-red-label-shiraz-cabernet-sauvignon/311795
Folonari Pinot Noir IGT,12.5%,750 mL ,On sale!,$2.00,$13.95,,http://www.lcbo.com/lcbo/product/folonari-pinot-noir-igt/32888
Peller Family Vineyards Red,11.5%,1500 mL ,On sale!,$1.50,$15.45,,http://www.lcbo.com/lcbo/product/peller-family-vineyards-red/322792
Featherstone Cabernet Franc 2016,12.3%,750 mL ,,,$19.95,,http://www.lcbo.com/lcbo/product/featherstone-cabernet-franc-2016/64618
Torres Gran Coronas Reserva Cabernet Sauvignon,13.5%,750 mL ,,,$19.95,,http://www.lcbo.com/lcbo/product/torres-gran-coronas-reserva-cabernet-sauvignon/36483
Henry Of Pelham Baco Noir VQA,13.0%,750 mL ,,,$15.95,,http://www.lcbo.com/lcbo/product/henry-of-pelham-baco-noir-vqa/270926
Fonseca Periquita Red,13.0%,750 mL ,,,$9.00,,http://www.lcbo.com/lcbo/product/fonseca-periquita-red/25262
Calvet Reserve des Remparts Saint Emilion AOC,13.5%,750 mL ,,,$19.95,,http://www.lcbo.com/lcbo/product/calvet-reserve-des-remparts-saint-emilion-aoc/31898
Bouchard Aine & Fils Beaujolais Superieur,12.5%,750 mL ,,,$12.95,,http://www.lcbo.com/lcbo/product/bouchard-aine-fils-beaujolais-superieur/9431
Concha y Toro Marques de Casa Concha Cabernet Sauvignon,13.5%,750 mL ,,,$22.95,,http://www.lcbo.com/lcbo/product/concha-y-toro-marques-de-casa-concha-cabernet-sauvignon/337238
Latour Pinot Noir,13.0%,750 mL ,,,$23.95,,http://www.lcbo.com/lcbo/product/latour-pinot-noir/69914
Bolla Valpolicella Classico,12.5%,750 mL ,On sale!,$2.00,$12.95,,http://www.lcbo.com/lcbo/product/bolla-valpolicella-classico/16840
KWV Roodeberg Red,14.0%,750 mL ,,,$12.95,,http://www.lcbo.com/lcbo/product/kwv-roodeberg-red/7187
Chateau de Gourgazaud Minervois AOC,13.5%,750 mL ,,,$14.10,,http://www.lcbo.com/lcbo/product/chateau-de-gourgazaud-minervois-aoc/22384
Ruffino Il Ducale Toscana IGP,13.5%,750 mL ,,,$19.95,,http://www.lcbo.com/lcbo/product/ruffino-il-ducale-toscana-igp/27797
Sogrape Mateus Signature Douro Red,13.5%,750 mL ,,,$9.95,,http://www.lcbo.com/lcbo/product/sogrape-mateus-signature-douro-red/308643
Yellow Tail Shiraz,13.5%,1500 mL ,,,$23.95,,http://www.lcbo.com/lcbo/product/yellow-tail-shiraz/20289
Jacob's Creek Shiraz Cabernet Sauvignon,13.9%,1500 mL ,,,$23.95,,http://www.lcbo.com/lcbo/product/jacob-s-creek-shiraz-cabernet-sauvignon/19612
Fontana Di Papa Red,12.0%,1500 mL ,,,$14.55,,http://www.lcbo.com/lcbo/product/fontana-di-papa-red/3038
Cantine Due Palme Canonico Negroamaro Salento IGP,12.5%,2000 mL ,,,$19.55,,http://www.lcbo.com/lcbo/product/cantine-due-palme-canonico-negroamaro-salento-igp/28647
20 Bees Cabernet Merlot VQA,12.2%,750 mL ,,,$12.95,,http://www.lcbo.com/lcbo/product/20-bees-cabernet-merlot-vqa/6395
Anselme La Fiole Du Pape Chateauneuf-Du-Pape AOC,14.0%,750 mL ,,,$39.95,,http://www.lcbo.com/lcbo/product/anselme-la-fiole-du-pape-chateauneuf-du-pape-aoc/12286
Folonari Valpolicella Classico DOC,12.5%,375 mL ,,,$9.95,,http://www.lcbo.com/lcbo/product/folonari-valpolicella-classico-doc/6254
Sogrape Grao Vasco Dao,13.0%,750 mL ,,,$8.75,,http://www.lcbo.com/lcbo/product/sogrape-grao-vasco-dao/14977
Velletri Le Contrade Red IGP,12.0%,2000 mL ,,,$18.95,,http://www.lcbo.com/lcbo/product/velletri-le-contrade-red-igp/14878
Domaine D'Or Superieur Red,12.0%,1500 mL ,,,$13.30,,http://www.lcbo.com/lcbo/product/domaine-d-or-superieur-red/193813
Ruffino Chianti,12.5%,750 mL ,,,$14.95,,http://www.lcbo.com/lcbo/product/ruffino-chianti/1743
Chateau Puyfromage Francs Cotes De Bordeaux AOC,14.0%,750 mL ,,,$16.90,,http://www.lcbo.com/lcbo/product/chateau-puyfromage-francs-cotes-de-bordeaux-aoc/33605
Peninsula Ridge Shiraz VQA,12.5%,750 mL ,,,$15.95,,http://www.lcbo.com/lcbo/product/peninsula-ridge-shiraz-vqa/70052
Beronia Reserva,14.0%,750 mL ,,,$21.95,,http://www.lcbo.com/lcbo/product/beronia-reserva/50203
Peller Estates Family Series Cabernet Merlot VQA,13.0%,750 mL ,On sale!,$1.00,$11.95,,http://www.lcbo.com/lcbo/product/peller-estates-family-series-cabernet-merlot-vqa/58628
Woodbridge By Robert Mondavi Cabernet Sauvignon,13.5%,750 mL ,,,$13.95,,http://www.lcbo.com/lcbo/product/woodbridge-by-robert-mondavi-cabernet-sauvignon/48611
Fat Bastard Cabernet Sauvignon Pays D'OC,13.0%,750 mL ,,,$14.95,,http://www.lcbo.com/lcbo/product/fat-bastard-cabernet-sauvignon-pays-d-oc/28506
Wayne Gretzky Merlot VQA,12.8%,750 mL ,,,$15.95,,http://www.lcbo.com/lcbo/product/wayne-gretzky-merlot-vqa/63966
Sterling Vintner's Collection Cabernet Sauvignon,13.5%,750 mL ,,,$16.95,,http://www.lcbo.com/lcbo/product/sterling-vintner-s-collection-cabernet-sauvignon/56366
Chanson Réserve du Bastion Pinot Noir,12.5%,750 mL ,,,$24.95,,http://www.lcbo.com/lcbo/product/chanson-reserve-du-bastion-pinot-noir/50575
Muga Reserva,13.0%,750 mL ,,,$26.95,,http://www.lcbo.com/lcbo/product/muga-reserva/177345
Sogrape Vila Regia Douro DO,13.5%,750 mL ,,,$8.95,,http://www.lcbo.com/lcbo/product/sogrape-vila-regia-douro-do/464388
Alianca Bairrada Reserva,13.5%,750 mL ,,,$8.95,,http://www.lcbo.com/lcbo/product/alianca-bairrada-reserva/158741
Trapiche Cabernet Sauvignon,12.5%,750 mL ,,,$10.95,,http://www.lcbo.com/lcbo/product/trapiche-cabernet-sauvignon/235671
Citra Montepulciano D'Abruzzo DOC,13.0%,750 mL ,,,$8.80,,http://www.lcbo.com/lcbo/product/citra-montepulciano-d-abruzzo-doc/446633
Peller Family Vineyards Cabernet Merlot,12.0%,4000 mL ,,,$42.95,,http://www.lcbo.com/lcbo/product/peller-family-vineyards-cabernet-merlot/589036
Alianca Foral Douro,13.5%,750 mL ,,,$8.95,,http://www.lcbo.com/lcbo/product/alianca-foral-douro/239046
Argento Seleccion Malbec,13.0%,750 mL ,,,$10.95,,http://www.lcbo.com/lcbo/product/argento-seleccion-malbec/591693
Casillero del Diablo Reserva Merlot,13.5%,750 mL ,,,$13.95,,http://www.lcbo.com/lcbo/product/casillero-del-diablo-reserva-merlot/427088
Wolf Blass Grey Label Shiraz,14.5%,750 mL ,,,$36.95,,http://www.lcbo.com/lcbo/product/wolf-blass-grey-label-shiraz/390872
Santa Carolina Reserva Cabernet Sauvignon,13.0%,375 mL ,,,$7.95,,http://www.lcbo.com/lcbo/product/santa-carolina-reserva-cabernet-sauvignon/389866
Robert Mondavi Private Selection Cabernet Sauvignon,13.5%,750 mL ,,,$18.45,,http://www.lcbo.com/lcbo/product/robert-mondavi-private-selection-cabernet-sauvignon/392225
Yvon Mau Merlot Pays d'Aude,12.5%,750 mL ,,,$10.95,,http://www.lcbo.com/lcbo/product/yvon-mau-merlot-pays-d-aude/336743
Inniskillin Pinot Noir VQA,12.2%,750 mL ,,,$15.95,,http://www.lcbo.com/lcbo/product/inniskillin-pinot-noir-vqa/261099
L'Epayrie Special Reserve Rouge,12.0%,1500 mL ,,,$14.90,,http://www.lcbo.com/lcbo/product/l-epayrie-special-reserve-rouge/128520
"Candidato Oro Tempranillo Garnacha, Castilla VDT",13.0%,750 mL ,,,$8.95,,http://www.lcbo.com/lcbo/product/candidato-oro-tempranillo-garnacha-castilla-vdt/523811
Pelee Island Pinot Noir VQA,13.0%,750 mL ,,,$14.95,,http://www.lcbo.com/lcbo/product/pelee-island-pinot-noir-vqa/135939
Trius Cabernet Sauvignon VQA,13.0%,750 mL ,,,$15.95,,http://www.lcbo.com/lcbo/product/trius-cabernet-sauvignon-vqa/587956
Folonari Valpolicella Classico DOC,12.5%,750 mL ,,,$14.95,,http://www.lcbo.com/lcbo/product/folonari-valpolicella-classico-doc/828
"Castillo De Almansa Reserva, Almansa DO",14.0%,750 mL ,,,$12.95,,http://www.lcbo.com/lcbo/product/castillo-de-almansa-reserva-almansa-do/270363
Campo Viejo Rioja Reserva,13.5%,750 mL ,,,$18.45,,http://www.lcbo.com/lcbo/product/campo-viejo-rioja-reserva/137810
Dalton Safsufa Vineyards Cabernet Sauvignon KPM,13.5%,750 mL ,,,$25.95,,http://www.lcbo.com/lcbo/product/dalton-safsufa-vineyards-cabernet-sauvignon-kpm/28266
Masi Modello Merlot Trevenezie IGT,12.0%,1500 mL ,,,$24.05,,http://www.lcbo.com/lcbo/product/masi-modello-merlot-trevenezie-igt/27854
"Torres Sangre De Toro Garnacha, Catalunya DO",13.5%,750 mL ,On sale!,$3.00,$10.95,,http://www.lcbo.com/lcbo/product/torres-sangre-de-toro-garnacha-catalunya-do/6585
Santa Carolina Merlot,12.5%,1500 mL ,,,$14.95,,http://www.lcbo.com/lcbo/product/santa-carolina-merlot/504340
Chateau Timberlay Bordeaux Superieur AOC,13.5%,750 mL ,,,$16.95,,http://www.lcbo.com/lcbo/product/chateau-timberlay-bordeaux-superieur-aoc/30072
Fantini Farnese Sangiovese IGT,12.5%,1500 mL ,,,$14.95,,http://www.lcbo.com/lcbo/product/fantini-farnese-sangiovese-igt/31971
Misterio Malbec,12.5%,750 mL ,,,$10.00,,http://www.lcbo.com/lcbo/product/misterio-malbec/28803
title,alcohol,volume,sale,savings,price,inventory,link
Villa Antinori Toscana IGT,13.5%,750 mL ,,,$26.30,,http://www.lcbo.com/lcbo/product/villa-antinori-toscana-igt/53876
Folonari Pinot Noir IGT,12.5%,750 mL ,On sale!,$2.00,$13.95,,http://www.lcbo.com/lcbo/product/folonari-pinot-noir-igt/32888
Alianca Bairrada Reserva,13.5%,750 mL ,,,$8.95,,http://www.lcbo.com/lcbo/product/alianca-bairrada-reserva/158741
Negrar Valpolicella DOC,12.0%,1500 mL ,,,$21.95,,http://www.lcbo.com/lcbo/product/negrar-valpolicella-doc/38026
Strewn Rogue's Lot Cabernet Sauvignon Cabernet Franc VQA,12.8%,750 mL ,,,$14.95,,http://www.lcbo.com/lcbo/product/strewn-rogue-s-lot-cabernet-sauvignon-cabernet-franc-vqa/65342
Sogrape Grao Vasco Dao,13.0%,1500 mL ,,,$16.95,,http://www.lcbo.com/lcbo/product/sogrape-grao-vasco-dao/238964
Concha Y Toro Frontera Cabernet Sauvignon,12.0%,750 mL ,,,$8.95,,http://www.lcbo.com/lcbo/product/concha-y-toro-frontera-cabernet-sauvignon/116426
Torres Gran Coronas Reserva Cabernet Sauvignon,13.5%,750 mL ,,,$19.95,,http://www.lcbo.com/lcbo/product/torres-gran-coronas-reserva-cabernet-sauvignon/36483
Rocca Delle Macie Chianti Vernaiolo DOCG,13.0%,750 mL ,On sale!,$2.00,$12.95,,http://www.lcbo.com/lcbo/product/rocca-delle-macie-chianti-vernaiolo-docg/269589
Featherstone Cabernet Franc 2016,12.3%,750 mL ,,,$19.95,,http://www.lcbo.com/lcbo/product/featherstone-cabernet-franc-2016/64618
Folonari Valpolicella Ripasso Classico Superiore DOC,13.0%,750 mL ,On sale!,$2.50,$16.40,,http://www.lcbo.com/lcbo/product/folonari-valpolicella-ripasso-classico-superiore-doc/481838
Santa Rita 120 Reserva Especial Cabernet Sauvignon,13.0%,750 mL ,On sale!,$2.00,$9.75,,http://www.lcbo.com/lcbo/product/santa-rita-120-reserva-especial-cabernet-sauvignon/218644
Robert Mondavi Napa Valley Cabernet Sauvignon,14.3%,750 mL ,,,$39.95,,http://www.lcbo.com/lcbo/product/robert-mondavi-napa-valley-cabernet-sauvignon/255513
Santa Cristina Rosso Toscana IGT,13.0%,750 mL ,,,$15.10,,http://www.lcbo.com/lcbo/product/santa-cristina-rosso-toscana-igt/76521
Chateau de Gourgazaud Minervois AOC,13.5%,750 mL ,,,$14.10,,http://www.lcbo.com/lcbo/product/chateau-de-gourgazaud-minervois-aoc/22384
Fantini Farnese Montepulciano D'Abruzzo DOC,13.0%,750 mL ,,,$8.85,,http://www.lcbo.com/lcbo/product/fantini-farnese-montepulciano-d-abruzzo-doc/621912
Cellier Des Dauphins Carte Noire CdRhone AOC,13.5%,750 mL ,,,$9.95,,http://www.lcbo.com/lcbo/product/cellier-des-dauphins-carte-noire-cdrhone-aoc/110197
"Pedras Do Monte Cabernet Sauvignon Tinta Roriz, Lisboa VR",13.0%,750 mL ,,,$10.45,,http://www.lcbo.com/lcbo/product/pedras-do-monte-cabernet-sauvignon-tinta-roriz-lisboa-vr/620658
Mitolo Jester Shiraz,15.0%,750 mL ,,,$22.95,,http://www.lcbo.com/lcbo/product/mitolo-jester-shiraz/659607
Inniskillin Cabernet Merlot VQA,13.0%,750 mL ,,,$15.95,,http://www.lcbo.com/lcbo/product/inniskillin-cabernet-merlot-vqa/627166
J. Lohr Seven Oaks Cabernet Sauvignon,13.5%,750 mL ,,,$23.95,,http://www.lcbo.com/lcbo/product/j-lohr-seven-oaks-cabernet-sauvignon/656561
Pelee Island Shiraz Cabernet,12.5%,1500 mL ,,,$18.95,,http://www.lcbo.com/lcbo/product/pelee-island-shiraz-cabernet/637207
Cono Sur Tocornal Cabernet Sauvignon Shiraz,12.0%,1500 mL ,,,$14.95,,http://www.lcbo.com/lcbo/product/cono-sur-tocornal-cabernet-sauvignon-shiraz/620674
Barone Montalto Nero D'Avola Cabernet Ter Sicilane IGT,13.5%,750 mL ,On sale!,$1.00,$8.55,,http://www.lcbo.com/lcbo/product/barone-montalto-nero-d-avola-cabernet-ter-sicilane-igt/621151
Sogrape Vila Regia Reserve Douro,13.5%,750 mL ,,,$12.45,,http://www.lcbo.com/lcbo/product/sogrape-vila-regia-reserve-douro/613950
Casal Thaulero Merlot Cabernet Terre Di Chieti IGT,13.0%,750 mL ,,,$8.80,,http://www.lcbo.com/lcbo/product/casal-thaulero-merlot-cabernet-terre-di-chieti-igt/621953
Masi Tupungato Passo Doble Organic,14.0%,750 mL ,,,$14.95,,http://www.lcbo.com/lcbo/product/masi-tupungato-passo-doble-organic/620880
"Hoya De Cadenas Reserva Tempranillo, Utiel-Requena DO",12.5%,750 mL ,,,$12.95,,http://www.lcbo.com/lcbo/product/hoya-de-cadenas-reserva-tempranillo-utiel-requena-do/620989
Sterling Vintner's Merlot,13.5%,750 mL ,,,$16.95,,http://www.lcbo.com/lcbo/product/sterling-vintner-s-merlot/622837
Red Knot Shiraz,14.0%,750 mL ,,,$18.95,,http://www.lcbo.com/lcbo/product/red-knot-shiraz/619395
Sogrape Vila Regia,13.5%,1500 mL ,,,$16.95,,http://www.lcbo.com/lcbo/product/sogrape-vila-regia/618504
Trapiche Reserve Cabernet Sauvignon,13.5%,750 mL ,,,$12.95,,http://www.lcbo.com/lcbo/product/trapiche-reserve-cabernet-sauvignon/614669
Lulu B Pinot Noir Pays d'Oc,12.5%,750 mL ,,,$11.75,,http://www.lcbo.com/lcbo/product/lulu-b-pinot-noir-pays-d-oc/669010
Montecillo Rioja Reserva,13.5%,750 mL ,,,$17.95,,http://www.lcbo.com/lcbo/product/montecillo-rioja-reserva/621003
Masi Campofiorin IGT,13.0%,1500 mL ,,,$40.95,,http://www.lcbo.com/lcbo/product/masi-campofiorin-igt/616276
Trapiche Reserve Malbec,13.5%,750 mL ,,,$12.95,,http://www.lcbo.com/lcbo/product/trapiche-reserve-malbec/614651
Barkan Classic Cabernet Sauvignon KPM,13.0%,750 mL ,,,$18.65,,http://www.lcbo.com/lcbo/product/barkan-classic-cabernet-sauvignon-kpm/637785
Cesari Adesso Merlot,12.0%,1500 mL ,,,$14.95,,http://www.lcbo.com/lcbo/product/cesari-adesso-merlot/649723
Straccali Chianti DOCG,13.0%,750 mL ,On sale!,$2.00,$10.95,,http://www.lcbo.com/lcbo/product/straccali-chianti-docg/621227
Casillero del Diablo Reserva Carmenere,13.5%,750 mL ,,,$13.95,,http://www.lcbo.com/lcbo/product/casillero-del-diablo-reserva-carmenere/620666
Jacob's Creek Reserve Shiraz,14.3%,750 mL ,,,$17.95,,http://www.lcbo.com/lcbo/product/jacob-s-creek-reserve-shiraz/665471
Peller Family Vineyards Shiraz,13.1%,4000 mL ,,,$42.95,,http://www.lcbo.com/lcbo/product/peller-family-vineyards-shiraz/669457
Donini Merlot,12.0%,1000 mL ,,,$10.45,,http://www.lcbo.com/lcbo/product/donini-merlot/160358
Pelee Island Cabernet Sauvignon,12.2%,1500 mL ,On sale!,$1.00,$16.45,,http://www.lcbo.com/lcbo/product/pelee-island-cabernet-sauvignon/393769
Cono Sur Tocornal Cabernet Sauvignon Merlot,12.0%,1500 mL ,,,$14.95,,http://www.lcbo.com/lcbo/product/cono-sur-tocornal-cabernet-sauvignon-merlot/257170
A De Luze & Fils Chateau Bel Air Bordeaux AOC,13.5%,750 mL ,,,$14.95,,http://www.lcbo.com/lcbo/product/a-de-luze-fils-chateau-bel-air-bordeaux-aoc/665430
Santa Carolina Merlot,13.0%,750 mL ,,,$8.95,,http://www.lcbo.com/lcbo/product/santa-carolina-merlot/361741
Brights Maria Christina Red,11.5%,4000 mL ,,,$36.95,,http://www.lcbo.com/lcbo/product/brights-maria-christina-red/86512
Tedeschi Amarone della Valpolicella,15.4%,750 mL ,,,$44.95,,http://www.lcbo.com/lcbo/product/tedeschi-amarone-della-valpolicella/433417
Concha Y Toro Frontera Cabernet Sauvignon,12.0%,1500 mL ,,,$14.95,,http://www.lcbo.com/lcbo/product/concha-y-toro-frontera-cabernet-sauvignon/286187
Cellier Des Dauphins Prestige Red CdRhone,13.5%,250 mL ,,,$4.95,,http://www.lcbo.com/lcbo/product/cellier-des-dauphins-prestige-red-cdrhone/464669
Pelee Island Cabernet Franc VQA,12.7%,750 mL ,,,$13.45,,http://www.lcbo.com/lcbo/product/pelee-island-cabernet-franc-vqa/433714
Catena Malbec,13.5%,750 mL ,,,$19.95,,http://www.lcbo.com/lcbo/product/catena-malbec/478727
Peller Family Vineyards Red,11.5%,1500 mL ,On sale!,$1.50,$15.45,,http://www.lcbo.com/lcbo/product/peller-family-vineyards-red/322792
Wolf Blass Red Label Shiraz Cabernet Sauvignon,13.5%,750 mL ,,,$14.95,,http://www.lcbo.com/lcbo/product/wolf-blass-red-label-shiraz-cabernet-sauvignon/311795
Masi Costasera Amarone Classico DOC,15.0%,750 mL ,,,$44.95,,http://www.lcbo.com/lcbo/product/masi-costasera-amarone-classico-doc/317057
Concha y Toro Marques de Casa Concha Cabernet Sauvignon,13.5%,750 mL ,,,$22.95,,http://www.lcbo.com/lcbo/product/concha-y-toro-marques-de-casa-concha-cabernet-sauvignon/337238
Sogrape Mateus Signature Douro Red,13.5%,750 mL ,,,$9.95,,http://www.lcbo.com/lcbo/product/sogrape-mateus-signature-douro-red/308643
Domaine D'Or Superieur Red,12.0%,1500 mL ,,,$13.30,,http://www.lcbo.com/lcbo/product/domaine-d-or-superieur-red/193813
Kaiken Malbec,14.5%,750 mL ,,,$15.95,,http://www.lcbo.com/lcbo/product/kaiken-malbec/58339
Trius Red,12.5%,750 mL ,,,$24.95,,http://www.lcbo.com/lcbo/product/trius-red/303800
Casillero del Diablo Reserva Cabernet Sauvignon,13.5%,1500 mL ,,,$24.95,,http://www.lcbo.com/lcbo/product/casillero-del-diablo-reserva-cabernet-sauvignon/61663
Konzelmann Pinot Noir VQA,13.0%,750 mL ,,,$14.95,,http://www.lcbo.com/lcbo/product/konzelmann-pinot-noir-vqa/200584
Barefoot Merlot,13.5%,750 mL ,,,$10.95,,http://www.lcbo.com/lcbo/product/barefoot-merlot/53991
Lindemans Bin 99 Pinot Noir,13.0%,750 mL ,,,$11.95,,http://www.lcbo.com/lcbo/product/lindemans-bin-99-pinot-noir/458661
Zenato Amarone della Valpolicella Classico,16.0%,750 mL ,,,$51.95,,http://www.lcbo.com/lcbo/product/zenato-amarone-della-valpolicella-classico/413179
Cono Sur Bicicleta Pinot Noir,14.0%,750 mL ,,,$11.95,,http://www.lcbo.com/lcbo/product/cono-sur-bicicleta-pinot-noir/341602
Lindemans Cawarra Shiraz Cabernet,13.5%,1500 mL ,,,$18.95,,http://www.lcbo.com/lcbo/product/lindemans-cawarra-shiraz-cabernet/409367
Konzelmann Merlot VQA,12.8%,750 mL ,,,$14.95,,http://www.lcbo.com/lcbo/product/konzelmann-merlot-vqa/439281
Jackson-Triggs Merlot,12.0%,750 mL ,,,$11.45,,http://www.lcbo.com/lcbo/product/jackson-triggs-merlot/383711
Tollo Colle Secco Montepulciano D'Abruzzo DOC,13.0%,750 mL ,,,$9.85,,http://www.lcbo.com/lcbo/product/tollo-colle-secco-montepulciano-d-abruzzo-doc/195826
Dragani Montepulciano D'Abruzzo DOC,12.0%,2000 mL ,,,$20.95,,http://www.lcbo.com/lcbo/product/dragani-montepulciano-d-abruzzo-doc/384511
Bonterra Cabernet Sauvignon,12.09%,750 mL ,,,$21.95,,http://www.lcbo.com/lcbo/product/bonterra-cabernet-sauvignon/342428
Pelee Island Ruggles Run Gamay Zweigelt VQA,12.5%,750 mL ,,,$13.45,,http://www.lcbo.com/lcbo/product/pelee-island-ruggles-run-gamay-zweigelt-vqa/216028
Lindemans Bin 40 Merlot,13.5%,750 mL ,,,$11.95,,http://www.lcbo.com/lcbo/product/lindemans-bin-40-merlot/458679
Caliterra Cabernet Sauvignon,13.5%,750 mL ,,,$10.95,,http://www.lcbo.com/lcbo/product/caliterra-cabernet-sauvignon/257329
Sterling Napa Valley Cabernet Sauvignon,12.5%,750 mL ,,,$39.95,,http://www.lcbo.com/lcbo/product/sterling-napa-valley-cabernet-sauvignon/314575
Pelee Island Merlot,12.5%,750 mL ,,,$10.95,,http://www.lcbo.com/lcbo/product/pelee-island-merlot/470823
Errazuriz Max Reserva Cabernet Sauvignon,13.5%,750 mL ,,,$19.95,,http://www.lcbo.com/lcbo/product/errazuriz-max-reserva-cabernet-sauvignon/335174
Ruffino Aziano Chianti Classico DOCG,13.5%,750 mL ,,,$18.95,,http://www.lcbo.com/lcbo/product/ruffino-aziano-chianti-classico-docg/307025
Carlo Rossi California Red,12.0%,1500 mL ,,,$14.90,,http://www.lcbo.com/lcbo/product/carlo-rossi-california-red/70813
Frescobaldi Remole Toscana IGT,12.5%,750 mL ,,,$13.45,,http://www.lcbo.com/lcbo/product/frescobaldi-remole-toscana-igt/105429
Nederburg The Winemaster's Cabernet Sauvignon,14.0%,750 mL ,,,$13.95,,http://www.lcbo.com/lcbo/product/nederburg-the-winemaster-s-cabernet-sauvignon/111526
Jackson-Triggs Cabernet Sauvignon,12.5%,750 mL ,,,$10.95,,http://www.lcbo.com/lcbo/product/jackson-triggs-cabernet-sauvignon/328534
Jackson-Triggs Reserve Meritage VQA,12.4%,750 mL ,,,$14.25,,http://www.lcbo.com/lcbo/product/jackson-triggs-reserve-meritage-vqa/526228
Georges Duboeuf Beaujolais AOC,12.0%,750 mL ,,,$13.45,,http://www.lcbo.com/lcbo/product/georges-duboeuf-beaujolais-aoc/212480
Lindemans Bin 50 Shiraz,13.5%,750 mL ,,,$11.95,,http://www.lcbo.com/lcbo/product/lindemans-bin-50-shiraz/145367
Marcus James Malbec,13.0%,750 mL ,,,$11.95,,http://www.lcbo.com/lcbo/product/marcus-james-malbec/518431
Chateau De Courteillac Bordeaux AOC,13.0%,750 mL ,,,$14.25,,http://www.lcbo.com/lcbo/product/chateau-de-courteillac-bordeaux-aoc/360552
Ravenswood Vintners Blend Old Vine Zinfandel,13.6%,750 mL ,,,$17.95,,http://www.lcbo.com/lcbo/product/ravenswood-vintners-blend-old-vine-zinfandel/359257
Cave Spring Pinot Noir VQA,12.0%,750 mL ,,,$19.95,,http://www.lcbo.com/lcbo/product/cave-spring-pinot-noir-vqa/417642
Jackson-Triggs Merlot,11.5%,1500 mL ,,,$18.95,,http://www.lcbo.com/lcbo/product/jackson-triggs-merlot/377820
Famille Perrin Réserve,13.0%,750 mL ,,,$16.95,,http://www.lcbo.com/lcbo/product/famille-perrin-reserve/363457
Black Tower Dornfelder Pinot Noir Pfalz,12.0%,750 mL ,,,$11.95,,http://www.lcbo.com/lcbo/product/black-tower-dornfelder-pinot-noir-pfalz/580118
Trapiche Astica Merlot Malbec,13.0%,750 mL ,,,$8.45,,http://www.lcbo.com/lcbo/product/trapiche-astica-merlot-malbec/359075
L'Ambiance Red,11.0%,4000 mL ,,,$34.95,,http://www.lcbo.com/lcbo/product/l-ambiance-red/207852
Sella & Mosca Cannonau di Sardegna Riserva,13.5%,750 mL ,,,$17.95,,http://www.lcbo.com/lcbo/product/sella-mosca-cannonau-di-sardegna-riserva/425488
La Vieille Ferme Cotes du Ventoux,13.0%,1500 mL ,,,$21.75,,http://www.lcbo.com/lcbo/product/la-vieille-ferme-cotes-du-ventoux/447896
Robert Mondavi Private Selection Merlot,13.5%,750 mL ,,,$18.45,,http://www.lcbo.com/lcbo/product/robert-mondavi-private-selection-merlot/524769
Santa Carolina Cabernet Merlot,13.0%,1500 mL ,,,$14.95,,http://www.lcbo.com/lcbo/product/santa-carolina-cabernet-merlot/447466
Santa Carolina Reserva Carmenère,13.5%,750 mL ,,,$13.95,,http://www.lcbo.com/lcbo/product/santa-carolina-reserva-carmenere/57133
B & G Partager Rouge,12.0%,1500 mL ,,,$14.95,,http://www.lcbo.com/lcbo/product/b-g-partager-rouge/186064
Masi Campofiorin IGT,13.0%,750 mL ,,,$21.95,,http://www.lcbo.com/lcbo/product/masi-campofiorin-igt/155051
Ruffino Chianti Classico Riserva Ducale,13.0%,750 mL ,,,$25.95,,http://www.lcbo.com/lcbo/product/ruffino-chianti-classico-riserva-ducale/45195
E. Guigal Côtes du Rhône,13.0%,750 mL ,,,$20.95,,http://www.lcbo.com/lcbo/product/e-guigal-cotes-du-rhone/259721
Masi Bonacosta Valpolicella Classico DOC,12.0%,750 mL ,,,$16.95,,http://www.lcbo.com/lcbo/product/masi-bonacosta-valpolicella-classico-doc/285585
Citra Montepulciano D'Abruzzo DOC,13.0%,1500 mL ,,,$14.95,,http://www.lcbo.com/lcbo/product/citra-montepulciano-d-abruzzo-doc/78840
Domaine Boyar Cabernet Sauvignon,12.5%,750 mL ,,,$9.45,,http://www.lcbo.com/lcbo/product/domaine-boyar-cabernet-sauvignon/340851
Two Oceans Cabernet Sauvignon Merlot,13.5%,750 mL ,On sale!,$1.00,$9.95,,http://www.lcbo.com/lcbo/product/two-oceans-cabernet-sauvignon-merlot/340398
Stoneleigh Marlborough Pinot Noir,13.0%,750 mL ,,,$18.95,,http://www.lcbo.com/lcbo/product/stoneleigh-marlborough-pinot-noir/54353
Gato Negro Cabernet Sauvignon,13.0%,1500 mL ,On sale!,$1.50,$13.95,,http://www.lcbo.com/lcbo/product/gato-negro-cabernet-sauvignon/280719
Pelee Island Rouge,12.3%,1500 mL ,,,$14.45,,http://www.lcbo.com/lcbo/product/pelee-island-rouge/166637
Gato Negro Cabernet Sauvignon,13.0%,750 mL ,,,$9.45,,http://www.lcbo.com/lcbo/product/gato-negro-cabernet-sauvignon/188193
Peninsula Ridge Merlot VQA,13.1%,750 mL ,,,$15.95,,http://www.lcbo.com/lcbo/product/peninsula-ridge-merlot-vqa/61101
Velletri Terre Di Volsci Riserva DOP,13.5%,750 mL ,On sale!,$3.00,$11.95,,http://www.lcbo.com/lcbo/product/velletri-terre-di-volsci-riserva-dop/175141
Santa Carolina Cabernet Sauvignon Merlot,13.0%,750 mL ,,,$8.95,,http://www.lcbo.com/lcbo/product/santa-carolina-cabernet-sauvignon-merlot/245282
Donini Merlot,12.0%,1500 mL ,,,$14.75,,http://www.lcbo.com/lcbo/product/donini-merlot/150128
Montresor Amarone Della Valpolicella DOC,15.0%,750 mL ,,,$37.40,,http://www.lcbo.com/lcbo/product/montresor-amarone-della-valpolicella-doc/240416
Santa Rita Reserve Cabernet Sauvignon,13.5%,750 mL ,,,$14.75,,http://www.lcbo.com/lcbo/product/santa-rita-reserve-cabernet-sauvignon/253872
Wente Southern Hills Cabernet Sauvignon,13.5%,750 mL ,,,$19.95,,http://www.lcbo.com/lcbo/product/wente-southern-hills-cabernet-sauvignon/301507
Montes Alpha Cabernet Sauvignon,14.0%,750 mL ,On sale!,$2.00,$17.95,,http://www.lcbo.com/lcbo/product/montes-alpha-cabernet-sauvignon/322586
Carlo Rossi California Red,12.0%,3000 mL ,,,$27.90,,http://www.lcbo.com/lcbo/product/carlo-rossi-california-red/280644
Domaine D'Or Red,12.0%,4000 mL ,,,$33.95,,http://www.lcbo.com/lcbo/product/domaine-d-or-red/108688
Two Oceans Cabernet Sauvignon Merlot,13.5%,1500 mL ,,,$18.95,,http://www.lcbo.com/lcbo/product/two-oceans-cabernet-sauvignon-merlot/413062
Muga Reserva,13.0%,750 mL ,,,$26.95,,http://www.lcbo.com/lcbo/product/muga-reserva/177345
Batasiolo Barolo DOCG,13.5%,750 mL ,,,$29.95,,http://www.lcbo.com/lcbo/product/batasiolo-barolo-docg/178541
Alianca Foral Douro,13.5%,750 mL ,,,$8.95,,http://www.lcbo.com/lcbo/product/alianca-foral-douro/239046
Spinelli Montepulciano D'Abruzzo DOC,13.0%,750 mL ,,,$8.75,,http://www.lcbo.com/lcbo/product/spinelli-montepulciano-d-abruzzo-doc/454629
Argento Seleccion Malbec,13.0%,750 mL ,,,$10.95,,http://www.lcbo.com/lcbo/product/argento-seleccion-malbec/591693
Citra Montepulciano D'Abruzzo DOC,13.0%,750 mL ,,,$8.80,,http://www.lcbo.com/lcbo/product/citra-montepulciano-d-abruzzo-doc/446633
Peller Family Vineyards Cabernet Merlot,12.0%,4000 mL ,,,$42.95,,http://www.lcbo.com/lcbo/product/peller-family-vineyards-cabernet-merlot/589036
Sogrape Vila Regia Douro DO,13.5%,750 mL ,,,$8.95,,http://www.lcbo.com/lcbo/product/sogrape-vila-regia-douro-do/464388
Wolf Blass Grey Label Shiraz,14.5%,750 mL ,,,$36.95,,http://www.lcbo.com/lcbo/product/wolf-blass-grey-label-shiraz/390872
Santa Carolina Reserva Cabernet Sauvignon,13.0%,375 mL ,,,$7.95,,http://www.lcbo.com/lcbo/product/santa-carolina-reserva-cabernet-sauvignon/389866
Bosco Montepulciano D'Abruzzo DOC,12.5%,750 mL ,,,$8.35,,http://www.lcbo.com/lcbo/product/bosco-montepulciano-d-abruzzo-doc/328294
B & G Cuvee Speciale Rouge,12.0%,1500 mL ,,,$15.95,,http://www.lcbo.com/lcbo/product/b-g-cuvee-speciale-rouge/86710
Georges Duboeuf Beaujolais,13.0%,1500 mL ,,,$24.90,,http://www.lcbo.com/lcbo/product/georges-duboeuf-beaujolais/526327
Casillero del Diablo Reserva Merlot,13.5%,750 mL ,,,$13.95,,http://www.lcbo.com/lcbo/product/casillero-del-diablo-reserva-merlot/427088
Pelee Island Baco Noir VQA,12.5%,750 mL ,,,$12.95,,http://www.lcbo.com/lcbo/product/pelee-island-baco-noir-vqa/485128
Cline Zinfandel,14.0%,750 mL ,,,$16.75,,http://www.lcbo.com/lcbo/product/cline-zinfandel/489278
Julián Chivite Gran Feudo Reserva,12.5%,750 mL ,,,$17.95,,http://www.lcbo.com/lcbo/product/julian-chivite-gran-feudo-reserva/479014
Nederburg The Winemaster's Shiraz,14.5%,750 mL ,,,$13.95,,http://www.lcbo.com/lcbo/product/nederburg-the-winemaster-s-shiraz/527457
Citra Sangiovese Terre Di Chieti IGP,13.0%,750 mL ,,,$8.40,,http://www.lcbo.com/lcbo/product/citra-sangiovese-terre-di-chieti-igp/480756
Flat Rock Pinot Noir,13.0%,750 mL ,,,$20.95,,http://www.lcbo.com/lcbo/product/flat-rock-pinot-noir/1545
Pelee Island Pinot Noir Reserve VQA,12.5%,750 mL ,,,$17.95,,http://www.lcbo.com/lcbo/product/pelee-island-pinot-noir-reserve-vqa/458521
Pasqua Sangiovese Puglia,12.0%,1500 mL ,,,$14.45,,http://www.lcbo.com/lcbo/product/pasqua-sangiovese-puglia/441428
Mommessin Cuvee St Pierre Rouge,12.0%,750 mL ,,,$8.45,,http://www.lcbo.com/lcbo/product/mommessin-cuvee-st-pierre-rouge/513
"Torres Sangre De Toro Garnacha, Catalunya DO",13.5%,750 mL ,On sale!,$3.00,$10.95,,http://www.lcbo.com/lcbo/product/torres-sangre-de-toro-garnacha-catalunya-do/6585
Folonari Valpolicella Classico DOC,12.5%,750 mL ,,,$14.95,,http://www.lcbo.com/lcbo/product/folonari-valpolicella-classico-doc/828
Fantini Farnese Sangiovese IGT,12.5%,1500 mL ,,,$14.95,,http://www.lcbo.com/lcbo/product/fantini-farnese-sangiovese-igt/31971
Dalton Safsufa Vineyards Cabernet Sauvignon KPM,13.5%,750 mL ,,,$25.95,,http://www.lcbo.com/lcbo/product/dalton-safsufa-vineyards-cabernet-sauvignon-kpm/28266
Masi Modello Merlot Trevenezie IGT,12.0%,1500 mL ,,,$24.05,,http://www.lcbo.com/lcbo/product/masi-modello-merlot-trevenezie-igt/27854
Jackson-Triggs Cabernet Sauvignon,12.5%,1500 mL ,,,$18.95,,http://www.lcbo.com/lcbo/product/jackson-triggs-cabernet-sauvignon/331025
Chateau Timberlay Bordeaux Superieur AOC,13.5%,750 mL ,,,$16.95,,http://www.lcbo.com/lcbo/product/chateau-timberlay-bordeaux-superieur-aoc/30072
Marques De Riscal Rioja Reserva,14.0%,750 mL ,,,$25.50,,http://www.lcbo.com/lcbo/product/marques-de-riscal-rioja-reserva/32656
Ruffino Il Ducale Toscana IGP,13.5%,750 mL ,,,$19.95,,http://www.lcbo.com/lcbo/product/ruffino-il-ducale-toscana-igp/27797
Peller Family Vineyards Red,11.5%,4000 mL ,On sale!,$4.00,$32.95,,http://www.lcbo.com/lcbo/product/peller-family-vineyards-red/589069
Yellow Tail Shiraz,13.5%,1500 mL ,,,$23.95,,http://www.lcbo.com/lcbo/product/yellow-tail-shiraz/20289
Anselme La Fiole Du Pape Chateauneuf-Du-Pape AOC,14.0%,750 mL ,,,$39.95,,http://www.lcbo.com/lcbo/product/anselme-la-fiole-du-pape-chateauneuf-du-pape-aoc/12286
Cantine Due Palme Canonico Negroamaro Salento IGP,12.5%,2000 mL ,,,$19.55,,http://www.lcbo.com/lcbo/product/cantine-due-palme-canonico-negroamaro-salento-igp/28647
Sogrape Grao Vasco Dao,13.0%,750 mL ,,,$8.75,,http://www.lcbo.com/lcbo/product/sogrape-grao-vasco-dao/14977
Velletri Le Contrade Red IGP,12.0%,2000 mL ,,,$18.95,,http://www.lcbo.com/lcbo/product/velletri-le-contrade-red-igp/14878
Folonari Valpolicella Classico DOC,12.5%,375 mL ,,,$9.95,,http://www.lcbo.com/lcbo/product/folonari-valpolicella-classico-doc/6254
Pelee Island Merlot,12.2%,1500 mL ,,,$18.95,,http://www.lcbo.com/lcbo/product/pelee-island-merlot/594168
Fontana Di Papa Red,12.0%,1500 mL ,,,$14.55,,http://www.lcbo.com/lcbo/product/fontana-di-papa-red/3038
Cave Spring Gamay VQA,13.0%,750 mL ,,,$16.95,,http://www.lcbo.com/lcbo/product/cave-spring-gamay-vqa/228569
Fat Bastard Cabernet Sauvignon Pays D'OC,13.0%,750 mL ,,,$14.95,,http://www.lcbo.com/lcbo/product/fat-bastard-cabernet-sauvignon-pays-d-oc/28506
Michael David 7 Deadly Zins Old Vine Zinfandel,14.5%,750 mL ,,,$26.95,,http://www.lcbo.com/lcbo/product/michael-david-7-deadly-zins-old-vine-zinfandel/59311
Cesari Adesso Merlot,12.0%,750 mL ,,,$8.75,,http://www.lcbo.com/lcbo/product/cesari-adesso-merlot/572453
Negrar Amarone Classico DOCG,15.5%,750 mL ,,,$34.95,,http://www.lcbo.com/lcbo/product/negrar-amarone-classico-docg/44784
Cesari Mara Valpolicella Ripasso Superiore DOC,13.5%,750 mL ,,,$19.95,,http://www.lcbo.com/lcbo/product/cesari-mara-valpolicella-ripasso-superiore-doc/506519
Mommessin Export St Pierre Rouge,12.0%,1500 mL ,,,$15.10,,http://www.lcbo.com/lcbo/product/mommessin-export-st-pierre-rouge/31211
Peller Family Vineyards Red,11.5%,1000 mL ,,,$11.45,,http://www.lcbo.com/lcbo/product/peller-family-vineyards-red/63305
Latour Pinot Noir,13.0%,750 mL ,,,$23.95,,http://www.lcbo.com/lcbo/product/latour-pinot-noir/69914
Calvet Reserve des Remparts Saint Emilion AOC,13.5%,750 mL ,,,$19.95,,http://www.lcbo.com/lcbo/product/calvet-reserve-des-remparts-saint-emilion-aoc/31898
Fonseca Periquita Red,13.0%,750 mL ,,,$9.00,,http://www.lcbo.com/lcbo/product/fonseca-periquita-red/25262
Woodbridge By Robert Mondavi Cabernet Sauvignon,13.5%,1500 mL ,,,$25.95,,http://www.lcbo.com/lcbo/product/woodbridge-by-robert-mondavi-cabernet-sauvignon/258509
20 Bees Cabernet Merlot VQA,12.2%,750 mL ,,,$12.95,,http://www.lcbo.com/lcbo/product/20-bees-cabernet-merlot-vqa/6395
Pelee Island Pinot Noir VQA,13.0%,750 mL ,,,$14.95,,http://www.lcbo.com/lcbo/product/pelee-island-pinot-noir-vqa/135939
KWV Roodeberg Red,14.0%,750 mL ,,,$12.95,,http://www.lcbo.com/lcbo/product/kwv-roodeberg-red/7187
Bolla Valpolicella Classico,12.5%,750 mL ,On sale!,$2.00,$12.95,,http://www.lcbo.com/lcbo/product/bolla-valpolicella-classico/16840
Inniskillin Pinot Noir VQA,12.2%,750 mL ,,,$15.95,,http://www.lcbo.com/lcbo/product/inniskillin-pinot-noir-vqa/261099
Ruffino Chianti,12.5%,1500 mL ,,,$28.75,,http://www.lcbo.com/lcbo/product/ruffino-chianti/42606
Bouchard Aine & Fils Beaujolais Superieur,12.5%,750 mL ,,,$12.95,,http://www.lcbo.com/lcbo/product/bouchard-aine-fils-beaujolais-superieur/9431
Yvon Mau Merlot Pays d'Aude,12.5%,750 mL ,,,$10.95,,http://www.lcbo.com/lcbo/product/yvon-mau-merlot-pays-d-aude/336743
Robert Mondavi Private Selection Cabernet Sauvignon,13.5%,750 mL ,,,$18.45,,http://www.lcbo.com/lcbo/product/robert-mondavi-private-selection-cabernet-sauvignon/392225
L'Epayrie Special Reserve Rouge,12.0%,1500 mL ,,,$14.90,,http://www.lcbo.com/lcbo/product/l-epayrie-special-reserve-rouge/128520
Santa Carolina Merlot,12.5%,1500 mL ,,,$14.95,,http://www.lcbo.com/lcbo/product/santa-carolina-merlot/504340
"Castillo De Almansa Reserva, Almansa DO",14.0%,750 mL ,,,$12.95,,http://www.lcbo.com/lcbo/product/castillo-de-almansa-reserva-almansa-do/270363
"Candidato Oro Tempranillo Garnacha, Castilla VDT",13.0%,750 mL ,,,$8.95,,http://www.lcbo.com/lcbo/product/candidato-oro-tempranillo-garnacha-castilla-vdt/523811
Trius Cabernet Sauvignon VQA,13.0%,750 mL ,,,$15.95,,http://www.lcbo.com/lcbo/product/trius-cabernet-sauvignon-vqa/587956
Beringer Knights Valley Cabernet Sauvignon,13.0%,750 mL ,,,$44.95,,http://www.lcbo.com/lcbo/product/beringer-knights-valley-cabernet-sauvignon/352583
Campo Viejo Rioja Reserva,13.5%,750 mL ,,,$18.45,,http://www.lcbo.com/lcbo/product/campo-viejo-rioja-reserva/137810
Château des Charmes Cabernet Merlot VQA,12.6%,375 mL ,,,$6.95,,http://www.lcbo.com/lcbo/product/chateau-des-charmes-cabernet-merlot-vqa/38810
Monte Antico,13.0%,750 mL ,,,$15.95,,http://www.lcbo.com/lcbo/product/monte-antico/69377
Beronia Reserva,14.0%,750 mL ,,,$21.95,,http://www.lcbo.com/lcbo/product/beronia-reserva/50203
Chateau Puyfromage Francs Cotes De Bordeaux AOC,14.0%,750 mL ,,,$16.90,,http://www.lcbo.com/lcbo/product/chateau-puyfromage-francs-cotes-de-bordeaux-aoc/33605
Wayne Gretzky Merlot VQA,12.8%,750 mL ,,,$15.95,,http://www.lcbo.com/lcbo/product/wayne-gretzky-merlot-vqa/63966
Woodbridge By Robert Mondavi Cabernet Sauvignon,13.5%,750 mL ,,,$13.95,,http://www.lcbo.com/lcbo/product/woodbridge-by-robert-mondavi-cabernet-sauvignon/48611
Chanson Réserve du Bastion Pinot Noir,12.5%,750 mL ,,,$24.95,,http://www.lcbo.com/lcbo/product/chanson-reserve-du-bastion-pinot-noir/50575
Peller Estates Family Series Cabernet Merlot VQA,13.0%,750 mL ,On sale!,$1.00,$11.95,,http://www.lcbo.com/lcbo/product/peller-estates-family-series-cabernet-merlot-vqa/58628
Sterling Vintner's Collection Cabernet Sauvignon,13.5%,750 mL ,,,$16.95,,http://www.lcbo.com/lcbo/product/sterling-vintner-s-collection-cabernet-sauvignon/56366
Deakin Estate Shiraz,13.5%,750 mL ,On sale!,$1.00,$9.95,,http://www.lcbo.com/lcbo/product/deakin-estate-shiraz/560821
Rocca delle Macìe Riserva Chianti,13.9%,750 mL ,On sale!,$2.00,$13.95,,http://www.lcbo.com/lcbo/product/rocca-delle-macie-riserva-chianti/111641
Peter Lehmann Clancy's Red Blend Barossa,14.5%,750 mL ,,,$14.95,,http://www.lcbo.com/lcbo/product/peter-lehmann-clancy-s-red-blend-barossa/611467
Santa Carolina Cabernet Sauvignon,13.0%,750 mL ,,,$8.95,,http://www.lcbo.com/lcbo/product/santa-carolina-cabernet-sauvignon/535344
Malivoire Gamay 2016,13.0%,750 mL ,,,$17.95,,http://www.lcbo.com/lcbo/product/malivoire-gamay-2016/591313
Louis Bernard CdRhone AOC,13.0%,750 mL ,,,$13.95,,http://www.lcbo.com/lcbo/product/louis-bernard-cdrhone-aoc/581645
Gray Fox Cabernet Sauvignon,13.0%,1500 mL ,,,$15.25,,http://www.lcbo.com/lcbo/product/gray-fox-cabernet-sauvignon/107201
Red Knot Cabernet Sauvignon,14.0%,750 mL ,,,$18.95,,http://www.lcbo.com/lcbo/product/red-knot-cabernet-sauvignon/91702
Fuzion Shiraz Malbec,12.0%,750 mL ,,,$9.45,,http://www.lcbo.com/lcbo/product/fuzion-shiraz-malbec/83188
Finagra Alandra Red,13.0%,750 mL ,,,$7.95,,http://www.lcbo.com/lcbo/product/finagra-alandra-red/89961
Henry Of Pelham Cabernet Merlot VQA,13.0%,750 mL ,,,$15.95,,http://www.lcbo.com/lcbo/product/henry-of-pelham-cabernet-merlot-vqa/504241
Château des Charmes Gamay Noir VQA,13.0%,750 mL ,,,$15.95,,http://www.lcbo.com/lcbo/product/chateau-des-charmes-gamay-noir-vqa/57349
Open Merlot VQA,12.5%,750 mL ,,,$13.45,,http://www.lcbo.com/lcbo/product/open-merlot-vqa/140129
Malivoire Guilty Men Red VQA,12.5%,750 mL ,,,$15.95,,http://www.lcbo.com/lcbo/product/malivoire-guilty-men-red-vqa/192674
Fuzion Organic Malbec Cabernet,13.9%,750 mL ,,,$12.95,,http://www.lcbo.com/lcbo/product/fuzion-organic-malbec-cabernet/127456
Fuzion Alta Reserve Malbec,13.5%,750 mL ,,,$11.45,,http://www.lcbo.com/lcbo/product/fuzion-alta-reserve-malbec/135475
Cavallina Nero D'Avola Shz Terre Sicilane IGT,13.5%,750 mL ,,,$9.95,,http://www.lcbo.com/lcbo/product/cavallina-nero-d-avola-shz-terre-sicilane-igt/74096
Trapiche Malbec,12.5%,750 mL ,On sale!,$1.50,$9.45,,http://www.lcbo.com/lcbo/product/trapiche-malbec/501551
Pelee Island Baco Noir VQA,12.0%,1500 mL ,,,$21.95,,http://www.lcbo.com/lcbo/product/pelee-island-baco-noir-vqa/79400
Cono Sur Bicicleta Shiraz,14.0%,750 mL ,,,$11.45,,http://www.lcbo.com/lcbo/product/cono-sur-bicicleta-shiraz/64295
Jackson-Triggs Reserve Merlot VQA,13.7%,750 mL ,,,$14.25,,http://www.lcbo.com/lcbo/product/jackson-triggs-reserve-merlot-vqa/109959
Stags' Leap Winery Cabernet Sauvignon,13.9%,750 mL ,,,$59.95,,http://www.lcbo.com/lcbo/product/stags-leap-winery-cabernet-sauvignon/996405
Kilikanoon Killerman's Run Shiraz,14.0%,750 mL ,,,$19.95,,http://www.lcbo.com/lcbo/product/kilikanoon-killerman-s-run-shiraz/925453
Open Cab 2 Merlot VQA,12.0%,750 mL ,,,$13.45,,http://www.lcbo.com/lcbo/product/open-cab-2-merlot-vqa/134957
Catena Cabernet Sauvignon,13.9%,750 mL ,,,$19.95,,http://www.lcbo.com/lcbo/product/catena-cabernet-sauvignon/985002
Angels Gate Gamay Noir VQA,13.0%,750 mL ,,,$14.95,,http://www.lcbo.com/lcbo/product/angels-gate-gamay-noir-vqa/107714
Creekside Syrah VQA,12.5%,750 mL ,,,$15.95,,http://www.lcbo.com/lcbo/product/creekside-syrah-vqa/66654
Barefoot Cabernet Sauvignon,13.5%,750 mL ,,,$10.95,,http://www.lcbo.com/lcbo/product/barefoot-cabernet-sauvignon/97113
Sawmill Creek Merlot,11.5%,4000 mL ,,,$40.95,,http://www.lcbo.com/lcbo/product/sawmill-creek-merlot/68569
Sawmill Creek Dry Red,12.0%,4000 mL ,,,$36.95,,http://www.lcbo.com/lcbo/product/sawmill-creek-dry-red/68544
Rodney Strong Estate Russian River Valley Pinot Noir,13.9%,750 mL ,,,$26.95,,http://www.lcbo.com/lcbo/product/rodney-strong-estate-russian-river-valley-pinot-noir/954834
Two Hands Gnarly Dudes Shiraz,14.5%,750 mL ,,,$24.95,,http://www.lcbo.com/lcbo/product/two-hands-gnarly-dudes-shiraz/660043
Voga Quattro IGT,13.0%,750 mL ,,,$13.95,,http://www.lcbo.com/lcbo/product/voga-quattro-igt/78048
Gnarly Head Cabernet Sauvignon,13.5%,750 mL ,,,$16.50,,http://www.lcbo.com/lcbo/product/gnarly-head-cabernet-sauvignon/68924
Cakebread Cellars Cabernet Sauvignon,14.0%,750 mL ,,,$124.95,,http://www.lcbo.com/lcbo/product/cakebread-cellars-cabernet-sauvignon/710426
Concha Y Toro Frontera Shiraz Cabernet Sauvignon,12.0%,1500 mL ,,,$14.95,,http://www.lcbo.com/lcbo/product/concha-y-toro-frontera-shiraz-cabernet-sauvignon/669093
Mezzomondo Negroamaro Puglia IGT,13.0%,1500 mL ,,,$17.95,,http://www.lcbo.com/lcbo/product/mezzomondo-negroamaro-puglia-igt/111930
Liberty School Cabernet Sauvignon,13.5%,750 mL ,,,$22.95,,http://www.lcbo.com/lcbo/product/liberty-school-cabernet-sauvignon/738823
Two Oceans Shiraz,14.0%,750 mL ,,,$11.00,,http://www.lcbo.com/lcbo/product/two-oceans-shiraz/699249
Castelgiocondo Brunello di Montalcino,13.0%,750 mL ,,,$52.95,,http://www.lcbo.com/lcbo/product/castelgiocondo-brunello-di-montalcino/650432
Philippe De Rothschild Pinot Noir Pays d'Oc,12.5%,750 mL ,,,$13.25,,http://www.lcbo.com/lcbo/product/philippe-de-rothschild-pinot-noir-pays-d-oc/628289
Oggi Botter Primitivo IGT,13.0%,750 mL ,,,$9.25,,http://www.lcbo.com/lcbo/product/oggi-botter-primitivo-igt/86421
Lindemans Bin 40 Merlot,13.5%,1500 mL ,,,$22.95,,http://www.lcbo.com/lcbo/product/lindemans-bin-40-merlot/631473
Hardys Stamp Series Shiraz Cabernet,13.5%,1500 mL ,,,$18.95,,http://www.lcbo.com/lcbo/product/hardys-stamp-series-shiraz-cabernet/695080
Castillo de Almansa Reserva,14.0%,1500 mL ,,,$21.95,,http://www.lcbo.com/lcbo/product/castillo-de-almansa-reserva/649749
Sibling Rivalry Red VQA,13.5%,750 mL ,On sale!,$1.00,$13.95,,http://www.lcbo.com/lcbo/product/sibling-rivalry-red-vqa/126151
Pelee Island Monarch Red VQA,12.5%,750 mL ,,,$11.95,,http://www.lcbo.com/lcbo/product/pelee-island-monarch-red-vqa/107763
Obikwa Shiraz,13.5%,1500 mL ,,,$18.00,,http://www.lcbo.com/lcbo/product/obikwa-shiraz/121756
Jacob's Creek Reserve Cabernet Sauvignon Limestone Coast,14.5%,750 mL ,,,$17.95,,http://www.lcbo.com/lcbo/product/jacob-s-creek-reserve-cabernet-sauvignon-limestone-coast/91751
Esporão Reserva Red,14.5%,750 mL ,,,$25.95,,http://www.lcbo.com/lcbo/product/esporao-reserva-red/606590
Beringer Main & Vine Cabernet Sauvignon,13.0%,750 mL ,,,$10.95,,http://www.lcbo.com/lcbo/product/beringer-main-vine-cabernet-sauvignon/113001
Sola Nero Red,12.0%,1500 mL ,,,$13.95,,http://www.lcbo.com/lcbo/product/sola-nero-red/572917
Frescobaldi Castiglioni Chianti DOCG,13.0%,750 mL ,,,$15.95,,http://www.lcbo.com/lcbo/product/frescobaldi-castiglioni-chianti-docg/545319
Lindemans Bin 50 Shiraz,13.5%,1500 mL ,,,$22.95,,http://www.lcbo.com/lcbo/product/lindemans-bin-50-shiraz/614776
Brindisi Rosso DOP,12.5%,2000 mL ,,,$20.50,,http://www.lcbo.com/lcbo/product/brindisi-rosso-dop/528844
"Osborne Solaz Tempranillo Cabernet Sauvignon, Castilla VDT",12.5%,750 mL ,,,$11.95,,http://www.lcbo.com/lcbo/product/osborne-solaz-tempranillo-cabernet-sauvignon-castilla-vdt/610188
Jacob's Creek Shiraz,13.9%,750 mL ,,,$12.45,,http://www.lcbo.com/lcbo/product/jacob-s-creek-shiraz/548644
Peter Lehmann Portrait Barossa Shiraz,14.5%,750 mL ,,,$19.95,,http://www.lcbo.com/lcbo/product/peter-lehmann-portrait-barossa-shiraz/572875
Philippe de Rothschild Cabernet Sauvignon Pays D'OC,13.5%,1500 mL ,,,$21.95,,http://www.lcbo.com/lcbo/product/philippe-de-rothschild-cabernet-sauvignon-pays-d-oc/542340
Patriarche Pinot Noir Pays D'OC,13.0%,750 mL ,,,$12.45,,http://www.lcbo.com/lcbo/product/patriarche-pinot-noir-pays-d-oc/522649
Porcupine Ridge Syrah,13.5%,750 mL ,On sale!,$3.00,$12.95,,http://www.lcbo.com/lcbo/product/porcupine-ridge-syrah/595280
Fantini Farnese Sangiovese IGT,12.0%,750 mL ,,,$8.85,,http://www.lcbo.com/lcbo/product/fantini-farnese-sangiovese-igt/512327
Spinelli Montepulciano D'Abruzzo DOC,13.0%,1500 mL ,,,$14.75,,http://www.lcbo.com/lcbo/product/spinelli-montepulciano-d-abruzzo-doc/588988
Fantini Casale Vecchio Lot 23 Montepulciano D'Abruzzo DOC,13.0%,750 mL ,,,$10.95,,http://www.lcbo.com/lcbo/product/fantini-casale-vecchio-lot-23-montepulciano-d-abruzzo-doc/612788
Fantini Farnese Montepulciano D'Abruzzo DOC,13.0%,1500 mL ,,,$14.95,,http://www.lcbo.com/lcbo/product/fantini-farnese-montepulciano-d-abruzzo-doc/512335
Eastdell Black Cab VQA,12.5%,750 mL ,,,$14.95,,http://www.lcbo.com/lcbo/product/eastdell-black-cab-vqa/609875
Stormy Bay Cabernet Sauvignon,13.5%,750 mL ,,,$10.90,,http://www.lcbo.com/lcbo/product/stormy-bay-cabernet-sauvignon/665299
Pérez Cruz Reserva Cabernet Sauvignon,14.5%,750 mL ,,,$14.95,,http://www.lcbo.com/lcbo/product/perez-cruz-reserva-cabernet-sauvignon/694208
Teal Lake Shiraz KPM,13.5%,750 mL ,,,$16.95,,http://www.lcbo.com/lcbo/product/teal-lake-shiraz-kpm/891283
Tommasi Ripasso Valpolicella Classico Superiore,13.0%,750 mL ,,,$23.95,,http://www.lcbo.com/lcbo/product/tommasi-ripasso-valpolicella-classico-superiore/910430
Fat Bastard Merlot Pays d'Oc,13.5%,750 mL ,,,$14.95,,http://www.lcbo.com/lcbo/product/fat-bastard-merlot-pays-d-oc/610857
Ogier Cotes Du Ventoux AOC,15.0%,750 mL ,,,$12.75,,http://www.lcbo.com/lcbo/product/ogier-cotes-du-ventoux-aoc/569095
Yvon Mau Merlot Pays d'Aude,12.5%,1500 mL ,,,$18.90,,http://www.lcbo.com/lcbo/product/yvon-mau-merlot-pays-d-aude/572370
Kourtakis Apelia Agiorgitiko (St George) Red Peloponnese IGP,12.5%,1500 mL ,,,$15.90,,http://www.lcbo.com/lcbo/product/kourtakis-apelia-agiorgitiko-st-george-red-peloponnese-igp/554527
Ora Centurio Velletri DOP,12.0%,750 mL ,,,$8.40,,http://www.lcbo.com/lcbo/product/ora-centurio-velletri-dop/602474
Antinori Pèppoli Chianti Classico,13.0%,750 mL ,,,$19.95,,http://www.lcbo.com/lcbo/product/antinori-peppoli-chianti-classico/606541
Wolf Blass Yellow Label Pinot Noir,13.5%,750 mL ,,,$17.95,,http://www.lcbo.com/lcbo/product/wolf-blass-yellow-label-pinot-noir/611509
Philippe De Rothschild Merlot Pays d'Oc,14.0%,1500 mL ,,,$21.95,,http://www.lcbo.com/lcbo/product/philippe-de-rothschild-merlot-pays-d-oc/542332
Vineland Cabernet Franc VQA,12.0%,750 mL ,,,$14.95,,http://www.lcbo.com/lcbo/product/vineland-cabernet-franc-vqa/594127
Jackson-Triggs Reserve Cabernet Franc Cabernet Sauvignon VQA,12.8%,750 mL ,,,$14.25,,http://www.lcbo.com/lcbo/product/jackson-triggs-reserve-cabernet-franc-cabernet-sauvignon-vqa/560680
Wolf Blass Red Label Cabernet Merlot,13.5%,750 mL ,On sale!,$2.00,$12.95,,http://www.lcbo.com/lcbo/product/wolf-blass-red-label-cabernet-merlot/611483
Santa Carolina Shiraz,13.0%,750 mL ,,,$8.95,,http://www.lcbo.com/lcbo/product/santa-carolina-shiraz/644062
Peller Estates Family Series Baco Noir VQA,12.0%,750 mL ,,,$12.95,,http://www.lcbo.com/lcbo/product/peller-estates-family-series-baco-noir-vqa/582841
Yellow Tail Merlot,13.5%,750 mL ,,,$12.95,,http://www.lcbo.com/lcbo/product/yellow-tail-merlot/625350
Kim Crawford Pinot Noir,13.5%,750 mL ,,,$21.95,,http://www.lcbo.com/lcbo/product/kim-crawford-pinot-noir/626390
J.P. Chenet Premier De Cuvee Merlot Cabernet Pays D'OC,13.5%,750 mL ,,,$13.95,,http://www.lcbo.com/lcbo/product/jp-chenet-premier-de-cuvee-merlot-cabernet-pays-d-oc/621995
Mezzomondo Negroamaro Puglia IGT,13.0%,750 mL ,,,$9.95,,http://www.lcbo.com/lcbo/product/mezzomondo-negroamaro-puglia-igt/588962
Trapiche Cabernet Sauvignon,12.5%,1500 mL ,,,$19.45,,http://www.lcbo.com/lcbo/product/trapiche-cabernet-sauvignon/620930
Peninsula Ridge Shiraz VQA,12.5%,750 mL ,,,$15.95,,http://www.lcbo.com/lcbo/product/peninsula-ridge-shiraz-vqa/70052
JJ McWilliam Cabernet Merlot,14.0%,750 mL ,,,$10.40,,http://www.lcbo.com/lcbo/product/jj-mcwilliam-cabernet-merlot/621599
Pasqua Merlot Delle Venzie IGT,12.0%,1500 mL ,,,$14.45,,http://www.lcbo.com/lcbo/product/pasqua-merlot-delle-venzie-igt/611780
Bouchard Père & Fils Pinot Noir Bourgogne,13.0%,750 mL ,,,$19.95,,http://www.lcbo.com/lcbo/product/bouchard-pere-fils-pinot-noir-bourgogne/605667
Trius Merlot VQA,13.5%,750 mL ,,,$15.95,,http://www.lcbo.com/lcbo/product/trius-merlot-vqa/587907
Casal Thaulero Sangiovese Terre Di Chieti IGT,13.0%,750 mL ,,,$8.35,,http://www.lcbo.com/lcbo/product/casal-thaulero-sangiovese-terre-di-chieti-igt/588996
Alianca Terra Boa Vinho Tinto Old Vines,13.0%,750 mL ,,,$8.35,,http://www.lcbo.com/lcbo/product/alianca-terra-boa-vinho-tinto-old-vines/590364
Stone Cellars Cabernet Sauvignon,12.5%,750 mL ,,,$14.95,,http://www.lcbo.com/lcbo/product/stone-cellars-cabernet-sauvignon/606798
Argento Seleccion Cabernet Sauvignon,13.0%,750 mL ,,,$10.95,,http://www.lcbo.com/lcbo/product/argento-seleccion-cabernet-sauvignon/589523
Majella The Musician Cabernet/Shiraz,14.5%,750 mL ,On sale!,$2.00,$17.95,,http://www.lcbo.com/lcbo/product/majella-the-musician-cabernet-shiraz/142018
Carmen Reserva 1850 Premier Carménère,13.0%,750 mL ,,,$12.55,,http://www.lcbo.com/lcbo/product/carmen-reserva-1850-premier-carmenere/169052
Raymond Family Classic Cabernet Sauvignon,13.5%,750 mL ,,,$17.95,,http://www.lcbo.com/lcbo/product/raymond-family-classic-cabernet-sauvignon/269761
Fuzion Alta Reserva Cabernet Sauvignon,13.5%,750 mL ,,,$11.45,,http://www.lcbo.com/lcbo/product/fuzion-alta-reserva-cabernet-sauvignon/207357
Château Pipeau,13.0%,750 mL ,,,$42.95,,http://www.lcbo.com/lcbo/product/chateau-pipeau/302018
Fat Bastard Syrah Pays d'Oc,13.0%,250 mL ,,,$4.95,,http://www.lcbo.com/lcbo/product/fat-bastard-syrah-pays-d-oc/156190
Cusumano Syrah IGT,13.5%,750 mL ,,,$13.95,,http://www.lcbo.com/lcbo/product/cusumano-syrah-igt/145490
Rodney Strong Alexander Valley Cabernet Sauvignon,14.5%,750 mL ,,,$29.95,,http://www.lcbo.com/lcbo/product/rodney-strong-alexander-valley-cabernet-sauvignon/350454
Grand Sud Merlot,13.0%,1000 mL ,,,$11.90,,http://www.lcbo.com/lcbo/product/grand-sud-merlot/171314
Wolf Blass Yellow Label Merlot,13.5%,750 mL ,,,$16.95,,http://www.lcbo.com/lcbo/product/wolf-blass-yellow-label-merlot/538637
Bodacious Smooth Red,12.5%,750 mL ,,,$10.95,,http://www.lcbo.com/lcbo/product/bodacious-smooth-red/338855
French Rabbit Cabernet Sauvignon Pays D'OC,13.0%,1000 mL ,,,$13.55,,http://www.lcbo.com/lcbo/product/french-rabbit-cabernet-sauvignon-pays-d-oc/621680
"Beso De Vino Seleccion, Carinena DO",13.5%,750 mL ,,,$9.95,,http://www.lcbo.com/lcbo/product/beso-de-vino-seleccion-carinena-do/231787
Montecillo Rioja DOCa Crianza,13.5%,750 mL ,,,$15.05,,http://www.lcbo.com/lcbo/product/montecillo-rioja-doca-crianza/144493
Pelee Island Shiraz Cabernet,12.5%,750 mL ,,,$10.45,,http://www.lcbo.com/lcbo/product/pelee-island-shiraz-cabernet/637199
Carpineto Dogajolo Rosso Toscano IGT,13.0%,750 mL ,,,$16.95,,http://www.lcbo.com/lcbo/product/carpineto-dogajolo-rosso-toscano-igt/361501
Jackson-Triggs Merlot,12.5%,4000 mL ,,,$45.95,,http://www.lcbo.com/lcbo/product/jackson-triggs-merlot/270892
Caparzo Sangiovese Toscana IGP,13.5%,750 mL ,,,$13.95,,http://www.lcbo.com/lcbo/product/caparzo-sangiovese-toscana-igp/361022
Louis Jadot Bourgogne Pinot Noir,12.5%,750 mL ,,,$26.95,,http://www.lcbo.com/lcbo/product/louis-jadot-bourgogne-pinot-noir/162073
Goats do Roam Red,14.0%,750 mL ,,,$13.00,,http://www.lcbo.com/lcbo/product/goats-do-roam-red/718940
Open Smooth Red VQA,12.7%,750 mL ,,,$13.45,,http://www.lcbo.com/lcbo/product/open-smooth-red-vqa/357145
Angus The Bull Cabernet Sauvignon,14.0%,750 mL ,,,$18.95,,http://www.lcbo.com/lcbo/product/angus-the-bull-cabernet-sauvignon/602615
Konzelmann Cabernet Sauvignon Reserve VQA,13.0%,750 mL ,,,$14.95,,http://www.lcbo.com/lcbo/product/konzelmann-cabernet-sauvignon-reserve-vqa/112946
Penfolds Koonunga Hill Shiraz Cabernet,14.5%,750 mL ,,,$18.95,,http://www.lcbo.com/lcbo/product/penfolds-koonunga-hill-shiraz-cabernet/285544
Beringer Founders' Estate Merlot,13.8%,750 mL ,,,$18.95,,http://www.lcbo.com/lcbo/product/beringer-founders-estate-merlot/534255
Carmen Gran Reserva Cabernet Sauvignon,14.0%,750 mL ,,,$17.25,,http://www.lcbo.com/lcbo/product/carmen-gran-reserva-cabernet-sauvignon/358309
Marchesi di Barolo La Tradizione Barolo,14.5%,750 mL ,,,$42.95,,http://www.lcbo.com/lcbo/product/marchesi-di-barolo-la-tradizione-barolo/168179
Château De Vaugelas Corbières Le Prieuré AOC,13.5%,750 mL ,,,$14.05,,http://www.lcbo.com/lcbo/product/chateau-de-vaugelas-corbieres-le-prieure-aoc/361691
McManis Cabernet Sauvignon,13.5%,750 mL ,,,$19.95,,http://www.lcbo.com/lcbo/product/mcmanis-cabernet-sauvignon/212126
Georges Duboeuf Beaujolais-Villages,12.5%,750 mL ,,,$14.95,,http://www.lcbo.com/lcbo/product/georges-duboeuf-beaujolais-villages/122077
Angels Gate Pinot Noir VQA,13.0%,750 mL ,,,$18.95,,http://www.lcbo.com/lcbo/product/angels-gate-pinot-noir-vqa/308486
Wyndham Estate Bin 555 Shiraz,14.4%,750 mL ,On sale!,$2.00,$12.95,,http://www.lcbo.com/lcbo/product/wyndham-estate-bin-555-shiraz/189415
Sandbanks Baco Noir Reserve VQA,13.0%,750 mL ,,,$19.95,,http://www.lcbo.com/lcbo/product/sandbanks-baco-noir-reserve-vqa/225920
Jackson-Triggs Reserve Cabernet Shiraz VQA,13.5%,750 mL ,,,$13.95,,http://www.lcbo.com/lcbo/product/jackson-triggs-reserve-cabernet-shiraz-vqa/357137
Black Cellar Shiraz Cabernet,13.0%,750 mL ,,,$11.95,,http://www.lcbo.com/lcbo/product/black-cellar-shiraz-cabernet/355933
Yellow Tail Big Bold Red,13.5%,750 mL ,On sale!,$2.50,$11.95,,http://www.lcbo.com/lcbo/product/yellow-tail-big-bold-red/350504
Ciao Sangiovese Organic Terra De Chieti IGP,13.0%,1000 mL ,,,$12.80,,http://www.lcbo.com/lcbo/product/ciao-sangiovese-organic-terra-de-chieti-igp/29090
Brotte La Fiole CdRhone AOC,13.5%,750 mL ,On sale!,$1.00,$15.95,,http://www.lcbo.com/lcbo/product/brotte-la-fiole-cdrhone-aoc/293498
Zonin Ripasso Valpolicella Superiore DOC,14.0%,750 mL ,,,$19.00,,http://www.lcbo.com/lcbo/product/zonin-ripasso-valpolicella-superiore-doc/170142
Adobe Reserva Merlot Organic,13.5%,750 mL ,,,$13.15,,http://www.lcbo.com/lcbo/product/adobe-reserva-merlot-organic/322024
Santa Rosa Estate Malbec,13.0%,1500 mL ,,,$18.95,,http://www.lcbo.com/lcbo/product/santa-rosa-estate-malbec/281931
Epica Red,13.5%,750 mL ,,,$13.95,,http://www.lcbo.com/lcbo/product/epica-red/350520
Fontanafredda Barolo DOCG,13.5%,750 mL ,,,$31.90,,http://www.lcbo.com/lcbo/product/fontanafredda-barolo-docg/20214
Les Jamelles Cabernet Sauvignon Pays D'OC,13.0%,750 mL ,,,$14.95,,http://www.lcbo.com/lcbo/product/les-jamelles-cabernet-sauvignon-pays-d-oc/293159
Latour Pinot Noir,13.0%,375 mL ,,,$12.85,,http://www.lcbo.com/lcbo/product/latour-pinot-noir/297630
Aquinas Pinot Noir,14.5%,750 mL ,,,$19.95,,http://www.lcbo.com/lcbo/product/aquinas-pinot-noir/277657
La Mascota Cabernet Sauvignon,14.0%,750 mL ,,,$15.45,,http://www.lcbo.com/lcbo/product/la-mascota-cabernet-sauvignon/292110
Casillero del Diablo Reserva Malbec,13.5%,750 mL ,,,$13.95,,http://www.lcbo.com/lcbo/product/casillero-del-diablo-reserva-malbec/94060
Sandbanks Dunes Red VQA,12.5%,750 mL ,,,$14.95,,http://www.lcbo.com/lcbo/product/sandbanks-dunes-red-vqa/346445
Casillero del Diablo Reserva Cabernet Sauvignon,13.5%,750 mL ,,,$13.95,,http://www.lcbo.com/lcbo/product/casillero-del-diablo-reserva-cabernet-sauvignon/278416
Santa Carolina Reserva Cabernet Sauvignon,13.0%,750 mL ,,,$13.95,,http://www.lcbo.com/lcbo/product/santa-carolina-reserva-cabernet-sauvignon/275925
Big House Cardinal Zin Zinfandel,13.5%,750 mL ,,,$12.95,,http://www.lcbo.com/lcbo/product/big-house-cardinal-zin-zinfandel/272401
Peller Family Vineyards Cabernet Sauvignon,12.5%,4000 mL ,On sale!,$3.00,$39.95,,http://www.lcbo.com/lcbo/product/peller-family-vineyards-cabernet-sauvignon/331371
The Dreaming Tree Crush Red Blend,13.5%,750 mL ,,,$17.95,,http://www.lcbo.com/lcbo/product/the-dreaming-tree-crush-red-blend/310391
Beringer Founders Estate Zinfandel,14.5%,750 mL ,,,$18.95,,http://www.lcbo.com/lcbo/product/beringer-founders-estate-zinfandel/308205
Chateau St. Jean Pinot Noir,13.8%,750 mL ,,,$19.95,,http://www.lcbo.com/lcbo/product/chateau-st-jean-pinot-noir/308221
Louis M. Martini Cabernet Sauvignon Sonoma County,13.5%,750 mL ,,,$22.95,,http://www.lcbo.com/lcbo/product/louis-m-martini-cabernet-sauvignon-sonoma-county/292151
Banfi Centine Rosso Toscana IGT,13.5%,750 mL ,,,$15.95,,http://www.lcbo.com/lcbo/product/banfi-centine-rosso-toscana-igt/323725
Root 1 Carmenere Colchagua,13.5%,750 mL ,,,$13.65,,http://www.lcbo.com/lcbo/product/root-1-carmenere-colchagua/350546
Yellow Tail Shiraz,13.5%,750 mL ,,,$12.95,,http://www.lcbo.com/lcbo/product/yellow-tail-shiraz/624544
Yellow Tail Cabernet Sauvignon,13.5%,750 mL ,On sale!,$1.50,$11.45,,http://www.lcbo.com/lcbo/product/yellow-tail-cabernet-sauvignon/621623
Luccarelli Primitivo Puglia IGT,13.5%,750 mL ,,,$11.95,,http://www.lcbo.com/lcbo/product/luccarelli-primitivo-puglia-igt/253856
Reif Estate Cabernet Merlot VQA,12.9%,750 mL ,,,$14.95,,http://www.lcbo.com/lcbo/product/reif-estate-cabernet-merlot-vqa/565713
Ascheri Barbera D'Alba DOC,13.5%,750 mL ,,,$14.95,,http://www.lcbo.com/lcbo/product/ascheri-barbera-d-alba-doc/219790
Santa Carolina Reserva Cabernet Sauvignon,13.0%,1500 mL ,,,$22.95,,http://www.lcbo.com/lcbo/product/santa-carolina-reserva-cabernet-sauvignon/278119
Masi Campofiorin IGT,13.0%,375 mL ,,,$11.95,,http://www.lcbo.com/lcbo/product/masi-campofiorin-igt/297655
Megalomaniac Pompous Red VQA,13.0%,750 mL ,,,$15.95,,http://www.lcbo.com/lcbo/product/megalomaniac-pompous-red-vqa/341610
Henry Of Pelham Pinot Noir VQA,12.5%,750 mL ,,,$16.95,,http://www.lcbo.com/lcbo/product/henry-of-pelham-pinot-noir-vqa/13904
Fontana Di Papa Red,12.0%,750 mL ,,,$8.30,,http://www.lcbo.com/lcbo/product/fontana-di-papa-red/219634
Ménage à Trois Red,13.5%,750 mL ,,,$17.95,,http://www.lcbo.com/lcbo/product/menage-A-trois-red/308007
Wolf Blass Yellow Label Cabernet Sauvignon,13.5%,1500 mL ,,,$32.95,,http://www.lcbo.com/lcbo/product/wolf-blass-yellow-label-cabernet-sauvignon/598102
Wolf Blass Yellow Label Cabernet Sauvignon,13.5%,750 mL ,,,$16.95,,http://www.lcbo.com/lcbo/product/wolf-blass-yellow-label-cabernet-sauvignon/251876
Revolution Red,13.0%,750 mL ,,,$11.95,,http://www.lcbo.com/lcbo/product/revolution-red/292037
Cottage Block Merlot VQA,13.0%,750 mL ,,,$14.95,,http://www.lcbo.com/lcbo/product/cottage-block-merlot-vqa/303149
Beringer Main & Vine Cabernet Sauvignon,13.0%,1500 mL ,,,$20.95,,http://www.lcbo.com/lcbo/product/beringer-main-vine-cabernet-sauvignon/278838
Bersano Costalunga Barbera D'Asti DOCG,13.5%,750 mL ,On sale!,$2.50,$11.45,,http://www.lcbo.com/lcbo/product/bersano-costalunga-barbera-d-asti-docg/348680
Smoking Loon Cabernet Sauvignon,13.5%,750 mL ,,,$15.95,,http://www.lcbo.com/lcbo/product/smoking-loon-cabernet-sauvignon/55517
LAN Crianza,13.5%,750 mL ,,,$16.95,,http://www.lcbo.com/lcbo/product/lan-crianza/166538
Mirassou Pinot Noir,14.0%,750 mL ,,,$14.95,,http://www.lcbo.com/lcbo/product/mirassou-pinot-noir/185249
Mission Hill Five Vineyards Cabernet Merlot VQA,14.0%,750 mL ,,,$17.45,,http://www.lcbo.com/lcbo/product/mission-hill-five-vineyards-cabernet-merlot-vqa/145102
Albert Bichot Bourgogne Pinot Noir AOC,12.5%,750 mL ,,,$19.95,,http://www.lcbo.com/lcbo/product/albert-bichot-bourgogne-pinot-noir-aoc/166959
Clos du Bois Cabernet Sauvignon,13.5%,750 mL ,,,$17.25,,http://www.lcbo.com/lcbo/product/clos-du-bois-cabernet-sauvignon/308304
Louis M. Martini Napa Valley Cabernet Sauvignon,14.2%,750 mL ,,,$37.95,,http://www.lcbo.com/lcbo/product/louis-m-martini-napa-valley-cabernet-sauvignon/232371
Villa Maria Private Bin Pinot Noir Marlborough,12.5%,750 mL ,,,$20.05,,http://www.lcbo.com/lcbo/product/villa-maria-private-bin-pinot-noir-marlborough/146548
Wyndham Estate Bin 555 Shiraz,14.4%,375 mL ,,,$9.75,,http://www.lcbo.com/lcbo/product/wyndham-estate-bin-555-shiraz/302612
Montes Reserva Cabernet Sauvignon,14.0%,750 mL ,,,$12.85,,http://www.lcbo.com/lcbo/product/montes-reserva-cabernet-sauvignon/157883
Stoney Ridge Pinot Noir VQA,13.0%,750 mL ,,,$11.05,,http://www.lcbo.com/lcbo/product/stoney-ridge-pinot-noir-vqa/156125
Zenato Veneto Rosso IGT,13.5%,750 mL ,,,$14.10,,http://www.lcbo.com/lcbo/product/zenato-veneto-rosso-igt/208579
Columbia Crest H3 Cabernet Sauvignon,14.5%,750 mL ,,,$19.95,,http://www.lcbo.com/lcbo/product/columbia-crest-h3-cabernet-sauvignon/210047
Terre Del Barolo Barolo DOCG,14.0%,750 mL ,,,$30.05,,http://www.lcbo.com/lcbo/product/terre-del-barolo-barolo-docg/264333
Tommasi Il Sestante Valpolicella Ripasso DOC,13.0%,750 mL ,,,$20.05,,http://www.lcbo.com/lcbo/product/tommasi-il-sestante-valpolicella-ripasso-doc/267070
Konzelmann Shiraz VQA,13.0%,750 mL ,,,$14.95,,http://www.lcbo.com/lcbo/product/konzelmann-shiraz-vqa/144857
Carione Brunello di Montalcino DOCG,14.0%,750 mL ,,,$33.15,,http://www.lcbo.com/lcbo/product/carione-brunello-di-montalcino-docg/266668
Jackson-Triggs Cabernet Sauvignon,12.5%,4000 mL ,,,$44.95,,http://www.lcbo.com/lcbo/product/jackson-triggs-cabernet-sauvignon/270884
Trapiche Broquel Malbec,14.0%,750 mL ,,,$14.95,,http://www.lcbo.com/lcbo/product/trapiche-broquel-malbec/234385
Beronia Tempranillo Rioja,14.0%,750 mL ,,,$13.95,,http://www.lcbo.com/lcbo/product/beronia-tempranillo-rioja/243055
Santa Rita Reserva Carmenère,13.5%,750 mL ,,,$14.95,,http://www.lcbo.com/lcbo/product/santa-rita-reserva-carmenere/177774
G. Marquis The Red Line Merlot VQA,13.0%,750 mL ,,,$10.95,,http://www.lcbo.com/lcbo/product/g-marquis-the-red-line-merlot-vqa/274662
Veedha Douro Red,13.0%,750 mL ,,,$15.20,,http://www.lcbo.com/lcbo/product/veedha-douro-red/255851
Apothic Red,13.5%,750 mL ,,,$16.95,,http://www.lcbo.com/lcbo/product/apothic-red/234369
Hahn Pinot Noir Monterey,14.5%,750 mL ,,,$19.60,,http://www.lcbo.com/lcbo/product/hahn-pinot-noir-monterey/226555
Giorgio & Gianni Angel Nero D'Avola Organic Sicilane IGT,13.0%,750 mL ,,,$10.00,,http://www.lcbo.com/lcbo/product/giorgio-gianni-angel-nero-d-avola-organic-sicilane-igt/254888
Sledgehammer Cabernet Sauvignon,13.9%,750 mL ,,,$15.95,,http://www.lcbo.com/lcbo/product/sledgehammer-cabernet-sauvignon/238733
Santa Julia Reserva Cabernet Sauvignon,13.0%,750 mL ,,,$13.95,,http://www.lcbo.com/lcbo/product/santa-julia-reserva-cabernet-sauvignon/242370
JP Azeitão Red,13.5%,750 mL ,,,$9.00,,http://www.lcbo.com/lcbo/product/jp-azeitao-red/286195
Sterling Vintner's Pinot Noir,13.5%,750 mL ,,,$16.95,,http://www.lcbo.com/lcbo/product/sterling-vintner-s-pinot-noir/226571
Gérard Bertrand Cabernet Sauvignon Pays d'Oc,13.5%,750 mL ,,,$13.95,,http://www.lcbo.com/lcbo/product/gerard-bertrand-cabernet-sauvignon-pays-d-oc/234815
Bear Flag Smooth Red Blend,13.5%,750 mL ,,,$13.95,,http://www.lcbo.com/lcbo/product/bear-flag-smooth-red-blend/226514
Les Jamelles Merlot Pays d'Oc,13.0%,750 mL ,,,$14.95,,http://www.lcbo.com/lcbo/product/les-jamelles-merlot-pays-d-oc/245324
35° South Cabernet Sauvignon Merlot Organic,13.0%,750 mL ,,,$12.